9,10,11,12
2.5,2.5,2.5,2.5
2.5,2.5,2.5,2.5
2.5,2.5,2.5,2.5
0,0,0,0
2.5,2.5,2.5,2.5
2.5,2.5,2.5,2.5
2.5,2.5,2.5,2.5
2.5,2.5,2.5,2.5
0,0,0,0
0,0,0,0
0,0,0,0
0,0,0,0
0,0,0,0
0,0,0,0
0,0,0,0
0,0,0,0
0,0,0,0
0,0,0,0
0,0,0,0
0,0,0,0
0,0,0,0
0,0,0,0
0,0,0,0
2.5,2.5,2.5,2.5
2.5,2.5,2.5,2.5
2.5,2.5,2.5,2.5
2.5,2.5,2.5,2.5
2.5,2.5,2.5,2.5
2.5,2.5,2.5,2.5
2.5,2.5,2.5,2.5
2.5,2.5,2.5,2.5
2.5,2.5,2.5,2.5
2.5,2.5,2.5,2.5
2.5,2.5,2.5,2.5
2.5,2.5,2.5,2.5
2.5,2.5,2.5,2.5
2.5,2.5,2.5,2.5
2.5,2.5,2.5,2.5
1.324,2.5,2.5,2.5
1.018,2.5,2.5,2.5
0.965,2.5,2.5,2.5
0.832,2.5,2.5,2.5
0.917,2.5,2.5,2.5
0.975,2.5,2.5,2.5
0.851,2.5,2.5,2.5
0.876,2.5,2.5,2.5
0.823,2.5,2.5,2.5
0.965,2.5,2.5,2.5
1.065,2.5,2.5,2.5
1.104,2.5,2.5,2.5
1.093,2.5,2.5,2.5
1.054,2.5,2.5,2.5
0.953,2.5,2.5,2.5
0.903,2.5,2.5,2.5
0.87,2.5,2.5,2.5
0.843,2.5,2.5,2.5
0.78,2.5,2.5,2.5
0.777,2.5,2.5,2.5
0.777,2.5,2.5,2.5
0.791,2.5,2.5,2.5
0.744,2.5,2.5,2.5
0.72,2.5,2.5,2.5
0.674,2.5,2.5,2.5
0.636,2.288,2.5,2.5
0.615,2.123,2.5,2.5
0.605,1.915,2.5,2.5
0.59,1.873,2.5,2.5
0.586,1.809,2.5,2.5
0.576,1.673,2.5,2.5
0.572,1.925,2.5,2.5
0.553,1.757,2.5,2.5
0.549,1.837,2.5,2.5
0.527,1.694,2.5,2.5
0.517,1.591,2.5,2.5
0.503,1.461,2.5,2.5
0.49,1.414,2.5,2.5
0.478,1.335,2.5,2.5
0.47,1.316,2.473,2.5
0.461,1.308,2.5,2.5
0.453,1.272,2.075,2.5
0.448,1.247,2.087,2.5
0.443,1.18,1.87,2.5
0.438,1.158,2.017,2.5
0.429,1.112,1.964,2.5
0.424,1.087,1.991,2.5
0.42,1.073,2.002,2.5
0.415,1.032,2.026,2.5
0.412,1.008,1.981,2.5
0.412,0.989,2.036,2.5
0.413,0.974,2.13,2.5
0.409,0.958,2.073,2.5
0.411,0.938,2.139,2.5
0.41,0.934,2.177,2.5
0.41,0.929,2.17,2.5
0.408,0.916,1.959,2.5
0.408,0.897,1.843,2.5
0.408,0.886,1.865,2.5
0.409,0.874,1.766,2.5
0.405,0.858,1.64,2.5
0.404,0.851,1.617,2.5
0.403,0.843,1.581,2.5
0.403,0.84,1.574,2.5
0.403,0.829,1.521,2.5
0.403,0.822,1.492,2.5
0.404,0.813,1.471,2.5
0.405,0.808,1.445,2.5
0.405,0.802,1.431,2.5
0.404,0.799,1.423,2.402
0.405,0.801,1.434,2.5
0.407,0.799,1.411,2.493
0.407,0.791,1.392,2.357
0.409,0.791,1.389,2.349
0.41,0.793,1.384,2.311
0.411,0.796,1.378,2.313
0.411,0.798,1.361,2.247
0.413,0.801,1.367,2.29
0.414,0.804,1.37,2.294
0.415,0.803,1.355,2.281
0.415,0.801,1.349,2.26
0.415,0.798,1.343,2.179
0.415,0.801,1.354,2.213
0.415,0.8,1.352,2.236
0.414,0.798,1.349,2.184
0.416,0.798,1.35,2.197
0.417,0.797,1.339,2.169
0.418,0.795,1.334,2.142
0.419,0.793,1.327,2.073
0.42,0.793,1.327,2.041
0.419,0.79,1.309,1.959
0.419,0.789,1.308,1.948
0.418,0.786,1.297,1.914
0.419,0.787,1.295,1.939
0.419,0.785,1.29,1.922
0.419,0.785,1.277,1.89
0.419,0.783,1.281,1.878
0.419,0.785,1.277,1.873
0.42,0.786,1.274,1.86
0.421,0.787,1.269,1.846
0.421,0.787,1.266,1.821
0.421,0.787,1.268,1.812
0.422,0.788,1.272,1.805
0.423,0.789,1.275,1.795
0.424,0.791,1.28,1.785
0.425,0.793,1.282,1.781
0.427,0.795,1.287,1.782
0.428,0.796,1.289,1.777
0.429,0.797,1.289,1.766
0.431,0.799,1.289,1.765
0.432,0.799,1.287,1.754
0.433,0.801,1.294,1.755
0.434,0.802,1.293,1.74
0.435,0.802,1.295,1.738
0.435,0.802,1.289,1.728
0.436,0.803,1.292,1.734
0.437,0.804,1.289,1.733
0.439,0.806,1.292,1.743
0.44,0.807,1.293,1.74
0.442,0.809,1.296,1.741
0.443,0.811,1.302,1.749
0.444,0.813,1.3,1.75
0.446,0.815,1.302,1.751
0.447,0.818,1.307,1.752
0.448,0.82,1.311,1.755
0.45,0.823,1.317,1.766
0.451,0.826,1.324,1.768
0.453,0.829,1.328,1.768
0.454,0.832,1.33,1.768
0.456,0.834,1.332,1.772
0.457,0.836,1.337,1.774
0.458,0.839,1.339,1.775
0.459,0.841,1.34,1.772
0.46,0.844,1.345,1.779
0.462,0.846,1.346,1.781
0.464,0.849,1.351,1.788
0.465,0.852,1.354,1.788
0.468,0.855,1.358,1.797
0.469,0.857,1.359,1.8
0.472,0.861,1.366,1.812
0.474,0.866,1.372,1.822
0.477,0.871,1.379,1.835
0.479,0.874,1.385,1.841
0.481,0.878,1.392,1.849
0.484,0.883,1.397,1.858
0.487,0.886,1.405,1.867
0.49,0.891,1.416,1.879
0.492,0.895,1.427,1.886
0.495,0.899,1.436,1.896
0.498,0.904,1.445,1.905
0.501,0.908,1.453,1.906
0.504,0.913,1.461,1.92
0.506,0.917,1.469,1.93
0.509,0.921,1.48,1.941
0.511,0.924,1.486,1.945
0.514,0.928,1.495,1.955
0.517,0.933,1.502,1.962
0.52,0.938,1.51,1.98
0.523,0.943,1.516,1.989
0.526,0.949,1.527,2.002
0.529,0.954,1.536,2.021
0.532,0.96,1.544,2.039
0.535,0.966,1.551,2.053
0.538,0.972,1.562,2.073
0.541,0.978,1.569,2.085
0.543,0.984,1.576,2.109
0.546,0.99,1.584,2.125
0.55,0.997,1.594,2.152
0.553,1.003,1.607,2.18
0.556,1.009,1.619,2.212
0.559,1.017,1.631,2.246
0.562,1.022,1.641,2.268
0.566,1.029,1.652,2.298
0.569,1.035,1.663,2.324
0.572,1.041,1.673,2.365
0.576,1.047,1.691,2.426
0.579,1.053,1.704,2.453
0.582,1.058,1.717,2.481
0.585,1.065,1.729,2.5
0.589,1.073,1.749,2.5
0.592,1.08,1.761,2.5
0.596,1.087,1.777,2.5
0.599,1.094,1.789,2.5
0.602,1.1,1.798,2.5
0.605,1.105,1.802,2.5
0.608,1.111,1.809,2.5
0.611,1.118,1.816,2.5
0.614,1.124,1.828,2.5
0.616,1.129,1.833,2.5
0.619,1.136,1.845,2.5
0.621,1.144,1.851,2.5
0.624,1.151,1.866,2.5
0.626,1.155,1.874,2.5
0.628,1.159,1.884,2.5
0.63,1.163,1.892,2.5
0.632,1.165,1.9,2.5
0.633,1.169,1.913,2.5
0.635,1.173,1.935,2.5
0.636,1.177,1.939,2.5
0.638,1.179,1.955,2.5
0.638,1.182,1.96,2.5
0.639,1.183,1.967,2.5
0.641,1.187,1.992,2.5
0.642,1.19,2.019,2.5
0.643,1.194,2.029,2.5
0.644,1.196,2.05,2.5
0.644,1.197,2.049,2.5
0.645,1.198,2.072,2.5
0.646,1.2,2.089,2.5
0.647,1.201,2.102,2.5
0.647,1.205,2.149,2.5
0.647,1.206,2.16,2.5
0.647,1.206,2.178,2.5
0.647,1.209,2.199,2.5
0.647,1.21,2.194,2.5
0.647,1.209,2.209,2.5
0.645,1.207,2.195,2.5
0.645,1.206,2.196,2.5
0.643,1.208,2.212,2.5
0.641,1.209,2.218,2.5
0.64,1.208,2.193,2.5
0.638,1.207,2.19,2.5
0.635,1.204,2.145,2.5
0.633,1.203,2.126,2.5
0.631,1.203,2.107,2.5
0.629,1.199,2.115,2.5
0.628,1.2,2.135,2.5
0.626,1.198,2.129,2.5
0.623,1.197,2.116,2.5
0.62,1.192,2.112,2.5
0.618,1.187,2.101,2.5
0.616,1.183,2.117,2.5
0.614,1.181,2.106,2.5
0.611,1.176,2.101,2.5
0.608,1.172,2.087,2.5
0.606,1.165,2.057,2.5
0.603,1.161,2.049,2.5
0.599,1.156,2.044,2.5
0.595,1.149,2.018,2.5
0.592,1.141,2.012,2.5
0.588,1.135,1.984,2.5
0.584,1.13,1.996,2.5
0.58,1.123,1.971,2.5
0.576,1.112,1.922,2.5
0.571,1.1,1.885,2.5
0.567,1.092,1.889,2.5
0.563,1.084,1.86,2.5
0.559,1.075,1.842,2.5
0.555,1.063,1.82,2.5
0.551,1.053,1.808,2.5
0.547,1.046,1.778,2.5
0.542,1.037,1.752,2.5
0.536,1.033,1.741,2.5
0.532,1.026,1.72,2.5
0.527,1.02,1.731,2.5
0.523,1.015,1.74,2.5
0.518,1.009,1.748,2.5
0.514,1.001,1.768,2.5
0.51,0.994,1.76,2.5
0.505,0.986,1.76,2.5
0.499,0.981,1.755,2.5
0.495,0.973,1.752,2.5
0.491,0.964,1.736,2.5
0.486,0.956,1.734,2.5
0.481,0.946,1.683,2.5
0.475,0.934,1.655,2.5
0.47,0.921,1.607,2.5
0.465,0.907,1.575,2.5
0.46,0.896,1.551,2.5
0.456,0.886,1.533,2.5
0.451,0.876,1.496,2.464
0.446,0.863,1.461,2.414
0.441,0.853,1.422,2.352
0.437,0.845,1.403,2.351
0.432,0.838,1.387,2.306
0.426,0.829,1.359,2.222
0.421,0.822,1.35,2.209
0.417,0.811,1.328,2.174
0.412,0.8,1.317,2.156
0.407,0.793,1.299,2.117
0.4,0.78,1.282,2.063
0.396,0.771,1.273,2.045
0.39,0.761,1.25,2
0.385,0.752,1.236,1.957
0.379,0.74,1.225,1.931
0.374,0.728,1.208,1.905
0.369,0.716,1.187,1.852
0.363,0.704,1.172,1.775
0.358,0.692,1.148,1.734
0.353,0.682,1.137,1.706
0.348,0.672,1.121,1.653
0.344,0.664,1.11,1.616
0.339,0.656,1.092,1.577
0.333,0.646,1.068,1.528
0.329,0.638,1.054,1.495
0.325,0.631,1.038,1.475
0.321,0.624,1.021,1.439
0.317,0.617,1.012,1.422
0.314,0.61,0.994,1.388
0.31,0.601,0.967,1.344
0.306,0.593,0.955,1.327
0.302,0.586,0.926,1.292
0.299,0.581,0.912,1.272
0.295,0.575,0.9,1.256
0.29,0.565,0.887,1.239
0.287,0.559,0.877,1.226
0.282,0.55,0.864,1.201
0.278,0.54,0.851,1.178
0.273,0.53,0.834,1.155
0.269,0.522,0.82,1.126
0.265,0.511,0.804,1.094
0.261,0.502,0.794,1.069
0.256,0.494,0.781,1.046
0.252,0.485,0.77,1.025
0.247,0.476,0.755,0.997
0.242,0.468,0.744,0.979
0.237,0.458,0.726,0.952
0.233,0.45,0.714,0.93
0.228,0.442,0.703,0.912
0.223,0.434,0.691,0.892
0.218,0.427,0.678,0.868
0.214,0.421,0.67,0.85
0.209,0.413,0.656,0.827
0.206,0.408,0.645,0.81
0.201,0.401,0.635,0.797
0.197,0.394,0.624,0.778
0.193,0.389,0.616,0.765
0.189,0.383,0.604,0.751
0.184,0.376,0.591,0.737
0.181,0.37,0.581,0.723
0.177,0.363,0.571,0.707
0.173,0.356,0.561,0.694
0.169,0.351,0.551,0.682
0.167,0.345,0.542,0.67
0.163,0.339,0.529,0.661
0.159,0.333,0.521,0.654
0.155,0.326,0.511,0.639
0.153,0.321,0.501,0.629
0.15,0.316,0.493,0.617
0.148,0.312,0.487,0.608
0.144,0.308,0.477,0.598
0.142,0.304,0.469,0.588
0.138,0.3,0.459,0.577
0.137,0.297,0.453,0.567
0.136,0.293,0.445,0.556
0.133,0.287,0.438,0.545
0.131,0.285,0.429,0.535
0.129,0.281,0.423,0.526
0.127,0.276,0.415,0.514
0.124,0.272,0.409,0.502
0.122,0.268,0.398,0.494
0.119,0.264,0.392,0.485
0.116,0.258,0.384,0.475
0.113,0.254,0.378,0.466
0.11,0.25,0.371,0.459
0.107,0.247,0.363,0.449
0.105,0.243,0.357,0.441
0.102,0.239,0.352,0.433
0.099,0.235,0.345,0.425
0.096,0.231,0.339,0.415
0.094,0.227,0.334,0.405
0.092,0.225,0.33,0.398
0.09,0.221,0.326,0.391
0.088,0.218,0.319,0.385
0.085,0.215,0.311,0.378
0.084,0.212,0.305,0.372
0.083,0.209,0.299,0.366
0.082,0.207,0.295,0.36
0.081,0.204,0.29,0.354
0.08,0.202,0.286,0.347
0.079,0.2,0.281,0.341
0.078,0.196,0.278,0.334
0.078,0.194,0.272,0.328
0.076,0.19,0.268,0.323
0.075,0.187,0.263,0.317
0.073,0.184,0.26,0.313
0.071,0.181,0.253,0.306
0.069,0.178,0.25,0.299
0.067,0.176,0.247,0.294
0.066,0.173,0.245,0.288
0.066,0.17,0.243,0.284
0.064,0.168,0.24,0.279
0.062,0.165,0.235,0.274
0.06,0.163,0.232,0.27
0.058,0.16,0.228,0.267
0.058,0.158,0.224,0.263
0.055,0.154,0.22,0.26
0.054,0.152,0.216,0.256
0.052,0.15,0.213,0.252
0.051,0.148,0.21,0.249
0.049,0.146,0.208,0.245
0.048,0.145,0.205,0.243
0.046,0.142,0.201,0.239
0.045,0.14,0.199,0.236
0.044,0.14,0.196,0.232
0.043,0.137,0.192,0.229
0.043,0.135,0.189,0.226
0.041,0.133,0.187,0.223
0.04,0.131,0.185,0.219
0.039,0.129,0.182,0.216
0.038,0.127,0.178,0.212
0.037,0.125,0.177,0.208
0.037,0.124,0.176,0.206
0.037,0.122,0.175,0.203
0.036,0.12,0.172,0.199
0.036,0.119,0.171,0.197
0.035,0.119,0.169,0.195
0.035,0.117,0.167,0.193
0.034,0.116,0.165,0.19
0.035,0.115,0.163,0.187
0.034,0.114,0.163,0.185
0.034,0.115,0.161,0.182
0.034,0.115,0.158,0.181
0.033,0.114,0.156,0.178
0.032,0.114,0.155,0.177
0.031,0.113,0.152,0.175
0.031,0.112,0.151,0.173
0.03,0.113,0.151,0.171
0.031,0.112,0.148,0.169
0.03,0.11,0.146,0.166
0.03,0.109,0.146,0.165
0.029,0.109,0.144,0.163
0.029,0.107,0.141,0.16
0.028,0.106,0.138,0.158
0.027,0.104,0.137,0.156
0.027,0.104,0.135,0.155
0.027,0.103,0.134,0.153
0.027,0.102,0.134,0.151
0.027,0.101,0.133,0.15
0.027,0.101,0.132,0.149
0.027,0.1,0.13,0.146
0.026,0.098,0.128,0.145
0.026,0.099,0.127,0.143
0.026,0.1,0.126,0.142
0.026,0.1,0.124,0.142
0.025,0.1,0.122,0.14
0.025,0.1,0.121,0.14
0.023,0.099,0.121,0.138
0.023,0.098,0.121,0.137
0.022,0.098,0.12,0.136
0.022,0.097,0.119,0.135
0.021,0.096,0.118,0.133
0.02,0.094,0.117,0.132
0.02,0.094,0.117,0.131
0.019,0.093,0.116,0.13
0.018,0.093,0.114,0.13
0.018,0.092,0.112,0.129
0.018,0.092,0.112,0.128
0.018,0.091,0.11,0.127
0.018,0.091,0.109,0.127
0.018,0.09,0.109,0.126
0.018,0.089,0.109,0.125
0.018,0.088,0.109,0.124
0.017,0.087,0.107,0.122
0.018,0.087,0.107,0.122
0.017,0.087,0.107,0.121
0.018,0.087,0.107,0.121
0.018,0.087,0.105,0.122
0.018,0.087,0.104,0.121
0.017,0.085,0.105,0.121
0.018,0.085,0.105,0.12
0.017,0.084,0.103,0.119
0.017,0.084,0.103,0.119
0.018,0.084,0.103,0.118
0.017,0.083,0.103,0.116
0.018,0.083,0.103,0.115
0.018,0.082,0.102,0.114
0.018,0.083,0.101,0.114
0.018,0.083,0.1,0.113
0.018,0.083,0.1,0.113
0.017,0.084,0.1,0.113
0.017,0.084,0.099,0.113
0.017,0.083,0.098,0.112
0.017,0.083,0.098,0.112
0.017,0.083,0.099,0.111
0.017,0.083,0.098,0.11
0.017,0.083,0.098,0.11
0.016,0.083,0.098,0.11
0.016,0.083,0.099,0.11
0.016,0.083,0.099,0.11
0.016,0.083,0.098,0.11
0.016,0.082,0.097,0.11
0.016,0.082,0.098,0.11
0.015,0.082,0.097,0.109
0.015,0.082,0.097,0.109
0.015,0.083,0.097,0.109
0.015,0.084,0.097,0.109
0.016,0.084,0.098,0.108
0.015,0.085,0.097,0.108
0.016,0.085,0.097,0.108
0.016,0.085,0.097,0.109
0.015,0.086,0.097,0.109
0.015,0.087,0.098,0.11
0.015,0.088,0.098,0.111
0.016,0.088,0.099,0.112
0.016,0.089,0.099,0.112
0.016,0.089,0.099,0.112
0.016,0.089,0.099,0.112
0.015,0.088,0.099,0.112
0.015,0.088,0.1,0.112
0.015,0.087,0.1,0.112
0.015,0.086,0.101,0.113
0.015,0.086,0.101,0.113
0.016,0.085,0.1,0.113
0.016,0.084,0.1,0.113
0.016,0.084,0.1,0.113
0.016,0.084,0.1,0.113
0.015,0.083,0.1,0.112
0.016,0.083,0.1,0.113
0.016,0.083,0.1,0.113
0.016,0.083,0.101,0.113
0.017,0.083,0.1,0.114
0.018,0.084,0.101,0.115
0.018,0.084,0.101,0.115
0.018,0.084,0.101,0.115
0.019,0.085,0.101,0.115
0.019,0.086,0.101,0.116
0.02,0.087,0.101,0.116
0.02,0.086,0.1,0.116
0.02,0.086,0.101,0.116
0.02,0.086,0.101,0.116
0.019,0.085,0.1,0.115
0.019,0.085,0.1,0.116
0.019,0.085,0.1,0.115
0.019,0.084,0.1,0.115
0.019,0.084,0.1,0.115
0.018,0.084,0.099,0.114
0.018,0.083,0.099,0.114
0.018,0.083,0.099,0.114
0.018,0.083,0.099,0.115
0.017,0.083,0.099,0.114
0.017,0.083,0.099,0.115
0.017,0.083,0.099,0.116
0.017,0.083,0.099,0.116
0.018,0.083,0.1,0.117
0.018,0.083,0.101,0.117
0.018,0.084,0.101,0.117
0.018,0.085,0.101,0.118
0.018,0.084,0.101,0.118
0.018,0.085,0.101,0.118
0.018,0.085,0.102,0.118
0.018,0.086,0.102,0.119
0.019,0.087,0.103,0.119
0.019,0.087,0.103,0.119
0.019,0.087,0.103,0.119
0.019,0.086,0.103,0.118
0.019,0.086,0.103,0.118
0.018,0.086,0.103,0.118
0.019,0.087,0.103,0.119
0.019,0.087,0.104,0.12
0.019,0.087,0.103,0.12
0.019,0.087,0.102,0.12
0.019,0.087,0.103,0.121
0.02,0.088,0.104,0.122
0.02,0.088,0.104,0.122
0.02,0.088,0.104,0.123
0.02,0.088,0.104,0.123
0.021,0.088,0.104,0.124
0.02,0.089,0.104,0.124
0.02,0.09,0.105,0.124
0.02,0.09,0.104,0.124
0.021,0.09,0.105,0.125
0.021,0.09,0.106,0.125
0.021,0.091,0.106,0.125
0.021,0.092,0.107,0.126
0.022,0.092,0.107,0.126
0.022,0.093,0.108,0.126
0.022,0.093,0.107,0.125
0.022,0.093,0.108,0.126
0.022,0.094,0.109,0.126
0.023,0.095,0.11,0.127
0.023,0.095,0.111,0.128
0.024,0.096,0.112,0.129
0.024,0.096,0.113,0.129
0.024,0.096,0.113,0.13
0.024,0.096,0.114,0.13
0.025,0.096,0.116,0.132
0.025,0.097,0.116,0.133
0.025,0.096,0.117,0.133
0.025,0.097,0.118,0.134
0.025,0.097,0.118,0.135
0.025,0.097,0.118,0.135
0.025,0.098,0.119,0.136
0.026,0.098,0.119,0.136
0.026,0.098,0.119,0.137
0.025,0.098,0.12,0.137
0.025,0.098,0.12,0.137
0.025,0.098,0.12,0.138
0.025,0.099,0.12,0.138
0.025,0.099,0.119,0.138
0.024,0.099,0.118,0.139
0.024,0.099,0.118,0.139
0.025,0.1,0.119,0.14
0.025,0.101,0.12,0.14
0.025,0.101,0.119,0.141
0.025,0.102,0.119,0.142
0.026,0.102,0.119,0.142
0.025,0.102,0.12,0.143
0.026,0.102,0.12,0.143
0.026,0.102,0.12,0.143
0.026,0.102,0.121,0.144
0.026,0.102,0.121,0.145
0.027,0.103,0.122,0.145
0.027,0.103,0.123,0.146
0.027,0.103,0.123,0.146
0.027,0.103,0.124,0.147
0.028,0.104,0.125,0.148
0.028,0.104,0.125,0.149
0.028,0.104,0.126,0.15
0.028,0.104,0.126,0.15
0.028,0.104,0.127,0.151
0.028,0.104,0.128,0.151
0.028,0.104,0.128,0.152
0.028,0.104,0.128,0.152
0.029,0.104,0.129,0.153
0.029,0.104,0.13,0.153
0.03,0.105,0.131,0.154
0.03,0.106,0.131,0.155
0.031,0.106,0.131,0.156
0.032,0.107,0.132,0.157
0.032,0.107,0.132,0.157
0.032,0.108,0.132,0.158
0.033,0.108,0.133,0.158
0.033,0.109,0.133,0.159
0.034,0.109,0.133,0.16
0.034,0.109,0.134,0.161
0.034,0.11,0.134,0.161
0.035,0.11,0.135,0.162
0.035,0.111,0.135,0.163
0.035,0.111,0.136,0.164
0.034,0.111,0.136,0.164
0.035,0.111,0.136,0.165
0.034,0.111,0.136,0.165
0.035,0.111,0.137,0.166
0.035,0.111,0.138,0.167
0.035,0.111,0.139,0.167
0.035,0.112,0.139,0.168
0.035,0.112,0.141,0.169
0.035,0.112,0.141,0.169
0.035,0.112,0.142,0.169
0.035,0.113,0.142,0.17
0.035,0.114,0.143,0.171
0.036,0.114,0.144,0.172
0.036,0.115,0.144,0.172
0.036,0.116,0.145,0.173
0.037,0.116,0.145,0.174
0.037,0.117,0.146,0.174
0.037,0.117,0.147,0.175
0.037,0.117,0.147,0.176
0.037,0.117,0.148,0.176
0.037,0.117,0.148,0.177
0.037,0.117,0.149,0.178
0.038,0.118,0.15,0.179
0.038,0.118,0.15,0.179
0.038,0.118,0.15,0.18
0.039,0.118,0.151,0.181
0.039,0.119,0.152,0.182
0.039,0.119,0.153,0.183
0.039,0.119,0.154,0.184
0.039,0.12,0.154,0.185
0.039,0.12,0.155,0.185
0.039,0.12,0.155,0.185
0.04,0.12,0.156,0.186
0.04,0.121,0.156,0.186
0.04,0.121,0.156,0.186
0.04,0.121,0.157,0.187
0.04,0.122,0.157,0.188
0.04,0.122,0.157,0.188
0.041,0.123,0.158,0.189
0.041,0.123,0.158,0.19
0.041,0.123,0.159,0.191
0.041,0.124,0.159,0.192
0.042,0.125,0.16,0.193
0.042,0.125,0.16,0.194
0.042,0.126,0.161,0.195
0.043,0.127,0.161,0.196
0.043,0.127,0.162,0.197
0.043,0.128,0.163,0.199
0.044,0.129,0.164,0.2
0.044,0.13,0.165,0.201
0.044,0.13,0.167,0.202
0.045,0.131,0.168,0.203
0.046,0.132,0.168,0.204
0.046,0.132,0.17,0.205
0.046,0.133,0.171,0.206
0.047,0.134,0.172,0.207
0.048,0.134,0.173,0.208
0.048,0.135,0.173,0.209
0.048,0.135,0.174,0.21
0.049,0.136,0.175,0.212
0.049,0.136,0.176,0.213
0.05,0.137,0.177,0.214
0.05,0.137,0.177,0.214
0.05,0.137,0.177,0.215
0.05,0.138,0.178,0.216
0.05,0.139,0.179,0.217
0.05,0.139,0.18,0.218
0.05,0.139,0.18,0.219
0.051,0.14,0.181,0.22
0.051,0.141,0.182,0.221
0.051,0.142,0.183,0.222
0.051,0.142,0.185,0.223
0.052,0.143,0.186,0.224
0.052,0.143,0.187,0.226
0.053,0.144,0.188,0.227
0.053,0.144,0.189,0.228
0.054,0.145,0.19,0.23
0.054,0.146,0.191,0.231
0.055,0.146,0.193,0.233
0.055,0.146,0.193,0.234
0.056,0.147,0.194,0.236
0.056,0.147,0.195,0.237
0.057,0.148,0.196,0.239
0.057,0.148,0.197,0.241
0.058,0.149,0.198,0.242
0.058,0.149,0.199,0.243
0.058,0.149,0.199,0.244
0.059,0.15,0.2,0.246
0.059,0.15,0.201,0.247
0.059,0.151,0.202,0.248
0.059,0.151,0.203,0.249
0.059,0.152,0.204,0.25
0.06,0.153,0.205,0.252
0.06,0.154,0.206,0.253
0.061,0.155,0.208,0.254
0.061,0.155,0.209,0.256
0.062,0.156,0.21,0.257
0.062,0.157,0.211,0.258
0.063,0.158,0.211,0.26
0.063,0.159,0.213,0.261
0.064,0.16,0.214,0.263
0.064,0.161,0.215,0.264
0.064,0.162,0.216,0.265
0.064,0.163,0.217,0.267
0.065,0.164,0.217,0.269
0.065,0.165,0.219,0.271
0.066,0.166,0.22,0.272
0.066,0.166,0.221,0.274
0.066,0.167,0.222,0.275
0.067,0.168,0.223,0.277
0.067,0.169,0.225,0.279
0.067,0.169,0.227,0.28
0.068,0.17,0.228,0.281
0.068,0.171,0.229,0.283
0.068,0.173,0.231,0.284
0.069,0.173,0.232,0.286
0.07,0.174,0.233,0.288
0.071,0.175,0.235,0.29
0.071,0.176,0.236,0.291
0.072,0.177,0.238,0.293
0.073,0.178,0.24,0.295
0.073,0.178,0.241,0.296
0.074,0.179,0.242,0.298
0.075,0.18,0.243,0.3
0.075,0.181,0.243,0.301
0.075,0.181,0.245,0.303
0.076,0.182,0.246,0.305
0.076,0.183,0.247,0.307
0.077,0.184,0.249,0.308
0.077,0.185,0.251,0.31
0.078,0.185,0.252,0.312
0.078,0.187,0.253,0.314
0.079,0.188,0.255,0.316
0.079,0.189,0.257,0.318
0.08,0.19,0.259,0.32
0.08,0.191,0.26,0.321
0.081,0.192,0.262,0.323
0.081,0.193,0.263,0.325
0.082,0.194,0.265,0.327
0.083,0.195,0.267,0.329
0.083,0.196,0.269,0.331
0.084,0.197,0.27,0.333
0.084,0.198,0.272,0.334
0.085,0.199,0.274,0.337
0.086,0.2,0.275,0.338
0.086,0.201,0.276,0.34
0.086,0.202,0.277,0.342
0.087,0.203,0.278,0.344
0.088,0.204,0.28,0.346
0.088,0.205,0.282,0.347
0.089,0.206,0.283,0.35
0.09,0.208,0.285,0.352
0.091,0.209,0.287,0.354
0.091,0.21,0.289,0.357
0.092,0.212,0.291,0.359
0.093,0.213,0.293,0.362
0.094,0.213,0.294,0.364
0.095,0.215,0.296,0.366
0.095,0.216,0.298,0.369
0.096,0.217,0.3,0.371
0.097,0.218,0.301,0.374
0.097,0.219,0.302,0.376
0.098,0.221,0.304,0.378
0.099,0.222,0.306,0.381
0.099,0.223,0.308,0.383
0.1,0.224,0.31,0.386
0.101,0.226,0.311,0.388
0.101,0.227,0.313,0.391
0.102,0.228,0.315,0.393
0.103,0.23,0.318,0.396
0.104,0.231,0.32,0.399
0.105,0.233,0.322,0.401
0.105,0.234,0.324,0.403
0.106,0.235,0.326,0.406
0.107,0.237,0.328,0.409
0.108,0.238,0.33,0.411
0.109,0.24,0.332,0.413
0.109,0.241,0.334,0.416
0.11,0.242,0.336,0.418
0.111,0.243,0.338,0.421
0.112,0.244,0.34,0.424
0.112,0.246,0.343,0.427
0.113,0.247,0.344,0.429
0.113,0.248,0.346,0.432
0.114,0.25,0.348,0.435
0.115,0.251,0.351,0.438
0.115,0.253,0.353,0.441
0.116,0.254,0.355,0.443
0.116,0.255,0.358,0.446
0.117,0.257,0.361,0.449
0.118,0.259,0.363,0.453
0.119,0.26,0.366,0.456
0.12,0.262,0.368,0.459
0.121,0.264,0.371,0.462
0.122,0.265,0.373,0.464
0.123,0.267,0.375,0.466
0.124,0.269,0.377,0.469
0.125,0.271,0.38,0.472
0.126,0.273,0.382,0.475
0.127,0.274,0.384,0.478
0.128,0.275,0.386,0.481
0.129,0.277,0.388,0.485
0.13,0.278,0.391,0.488
0.131,0.28,0.393,0.491
0.133,0.281,0.396,0.494
0.134,0.283,0.398,0.498
0.135,0.284,0.4,0.501
0.135,0.286,0.403,0.505
0.136,0.287,0.406,0.508
0.137,0.289,0.409,0.512
0.138,0.291,0.412,0.515
0.139,0.292,0.414,0.518
0.14,0.294,0.418,0.522
0.142,0.296,0.42,0.525
0.142,0.298,0.423,0.529
0.144,0.3,0.426,0.533
0.145,0.302,0.429,0.535
0.145,0.304,0.432,0.538
0.146,0.306,0.434,0.542
0.147,0.307,0.438,0.545
0.148,0.309,0.44,0.549
0.149,0.311,0.443,0.552
0.15,0.313,0.446,0.556
0.151,0.314,0.448,0.559
0.152,0.316,0.451,0.563
0.153,0.319,0.454,0.567
0.154,0.32,0.457,0.571
0.155,0.322,0.46,0.575
0.156,0.324,0.463,0.579
0.157,0.326,0.466,0.583
0.158,0.327,0.468,0.587
0.16,0.33,0.471,0.591
0.161,0.331,0.474,0.594
0.162,0.333,0.478,0.599
0.164,0.335,0.481,0.602
0.165,0.338,0.485,0.606
0.166,0.34,0.488,0.61
0.168,0.342,0.491,0.615
0.169,0.344,0.494,0.618
0.17,0.346,0.497,0.622
0.171,0.348,0.5,0.626
0.172,0.35,0.504,0.63
0.173,0.352,0.506,0.634
0.174,0.354,0.509,0.637
0.175,0.356,0.512,0.642
0.177,0.358,0.516,0.646
0.178,0.361,0.52,0.65
0.179,0.363,0.523,0.655
0.18,0.365,0.527,0.659
0.182,0.367,0.53,0.664
0.183,0.37,0.535,0.669
0.184,0.371,0.538,0.673
0.186,0.374,0.542,0.678
0.187,0.376,0.546,0.683
0.188,0.378,0.55,0.688
0.19,0.381,0.554,0.693
0.191,0.383,0.559,0.697
0.193,0.386,0.563,0.702
0.194,0.388,0.567,0.707
0.196,0.391,0.571,0.712
0.197,0.393,0.575,0.717
0.198,0.396,0.578,0.723
0.2,0.399,0.582,0.727
0.201,0.401,0.585,0.732
0.202,0.404,0.589,0.736
0.204,0.406,0.593,0.741
0.205,0.409,0.597,0.746
0.207,0.412,0.601,0.751
0.208,0.415,0.605,0.756
0.21,0.418,0.609,0.761
0.211,0.42,0.612,0.767
0.213,0.423,0.616,0.773
0.215,0.425,0.619,0.778
0.216,0.428,0.624,0.784
0.218,0.43,0.628,0.789
0.22,0.433,0.632,0.795
0.221,0.436,0.635,0.8
0.222,0.439,0.64,0.805
0.224,0.441,0.644,0.81
0.226,0.445,0.649,0.815
0.227,0.447,0.653,0.82
0.229,0.45,0.658,0.827
0.231,0.453,0.662,0.833
0.232,0.456,0.667,0.838
0.234,0.458,0.672,0.843
0.235,0.461,0.676,0.849
0.237,0.464,0.681,0.855
0.238,0.467,0.687,0.861
0.24,0.47,0.692,0.866
0.242,0.473,0.697,0.873
0.243,0.476,0.701,0.878
0.245,0.478,0.706,0.884
0.246,0.481,0.71,0.89
0.248,0.484,0.715,0.896
0.25,0.486,0.719,0.902
0.252,0.489,0.723,0.908
0.253,0.492,0.727,0.914
0.255,0.495,0.731,0.92
0.257,0.498,0.736,0.926
0.259,0.501,0.74,0.932
0.26,0.504,0.744,0.937
0.262,0.508,0.749,0.943
0.264,0.511,0.754,0.949
0.266,0.515,0.758,0.957
0.268,0.518,0.764,0.963
0.27,0.521,0.769,0.971
0.271,0.525,0.774,0.977
0.273,0.528,0.779,0.983
0.275,0.531,0.784,0.99
0.277,0.536,0.79,0.998
0.279,0.539,0.795,1.005
0.281,0.543,0.801,1.013
0.283,0.546,0.806,1.02
0.285,0.549,0.811,1.028
0.287,0.553,0.817,1.036
0.289,0.556,0.824,1.043
0.291,0.56,0.829,1.051
0.293,0.563,0.835,1.058
0.295,0.567,0.84,1.066
0.297,0.571,0.845,1.074
0.299,0.574,0.85,1.082
0.301,0.578,0.856,1.089
0.303,0.582,0.863,1.097
0.305,0.585,0.869,1.104
0.307,0.589,0.875,1.111
0.309,0.593,0.88,1.119
0.311,0.596,0.886,1.128
0.313,0.6,0.892,1.137
0.316,0.603,0.899,1.143
0.318,0.607,0.904,1.152
0.32,0.611,0.91,1.16
0.322,0.615,0.916,1.167
0.324,0.62,0.923,1.175
0.326,0.624,0.93,1.184
0.328,0.628,0.936,1.191
0.33,0.632,0.943,1.2
0.332,0.635,0.949,1.207
0.335,0.64,0.955,1.215
0.337,0.643,0.961,1.223
0.339,0.647,0.966,1.231
0.341,0.651,0.971,1.237
0.343,0.655,0.977,1.245
0.345,0.66,0.983,1.255
0.347,0.664,0.99,1.263
0.35,0.668,0.997,1.271
0.352,0.673,1.004,1.281
0.354,0.677,1.011,1.291
0.357,0.681,1.017,1.301
0.359,0.686,1.023,1.31
0.362,0.69,1.029,1.321
0.364,0.694,1.035,1.332
0.367,0.698,1.042,1.343
0.369,0.702,1.05,1.353
0.372,0.707,1.056,1.363
0.374,0.711,1.064,1.371
0.377,0.715,1.072,1.381
0.379,0.719,1.08,1.39
0.382,0.723,1.087,1.401
0.385,0.728,1.093,1.41
0.387,0.732,1.101,1.42
0.39,0.736,1.106,1.43
0.393,0.74,1.114,1.44
0.395,0.744,1.12,1.45
0.397,0.749,1.127,1.459
0.399,0.753,1.136,1.468
0.402,0.758,1.143,1.48
0.405,0.763,1.152,1.491
0.408,0.768,1.161,1.502
0.411,0.773,1.169,1.512
0.414,0.779,1.179,1.527
0.416,0.783,1.187,1.536
0.419,0.788,1.196,1.549
0.421,0.793,1.205,1.56
0.424,0.798,1.215,1.573
0.427,0.803,1.223,1.582
0.429,0.808,1.233,1.594
0.432,0.813,1.241,1.605
0.435,0.818,1.25,1.616
0.438,0.823,1.259,1.627
0.442,0.829,1.267,1.641
0.444,0.834,1.276,1.654
0.447,0.84,1.285,1.669
0.45,0.845,1.293,1.682
0.454,0.85,1.303,1.699
0.457,0.856,1.311,1.713
0.46,0.861,1.322,1.729
0.463,0.867,1.33,1.741
0.466,0.873,1.337,1.755
0.469,0.879,1.347,1.767
0.473,0.885,1.355,1.783
0.476,0.89,1.365,1.797
0.479,0.895,1.373,1.812
0.482,0.9,1.381,1.825
0.485,0.907,1.391,1.845
0.488,0.913,1.4,1.861
0.491,0.919,1.412,1.882
0.494,0.925,1.421,1.894
0.498,0.931,1.431,1.915
0.5,0.936,1.44,1.924
0.504,0.942,1.451,1.95
0.507,0.948,1.459,1.968
0.511,0.954,1.47,1.995
0.514,0.961,1.48,2.014
0.518,0.967,1.493,2.042
0.521,0.973,1.504,2.06
0.525,0.98,1.518,2.08
0.529,0.986,1.529,2.103
0.533,0.994,1.542,2.128
0.536,1,1.557,2.151
0.54,1.007,1.57,2.174
0.544,1.013,1.579,2.183
0.548,1.021,1.592,2.209
0.551,1.028,1.605,2.234
0.556,1.036,1.618,2.273
0.56,1.043,1.63,2.301
0.564,1.051,1.642,2.338
0.568,1.059,1.657,2.378
0.572,1.068,1.67,2.417
0.576,1.075,1.685,2.455
0.58,1.082,1.698,2.492
0.584,1.088,1.706,2.5
0.589,1.096,1.72,2.5
0.592,1.103,1.732,2.5
0.597,1.111,1.743,2.5
0.601,1.118,1.755,2.5
0.605,1.127,1.771,2.5
0.61,1.134,1.785,2.5
0.614,1.142,1.799,2.5
0.618,1.149,1.815,2.5
0.622,1.158,1.836,2.5
0.626,1.166,1.85,2.5
0.631,1.175,1.872,2.5
0.635,1.183,1.891,2.5
0.639,1.193,1.91,2.5
0.644,1.201,1.923,2.5
0.649,1.211,1.944,2.5
0.653,1.221,1.959,2.5
0.658,1.232,1.98,2.5
0.663,1.242,2.01,2.5
0.668,1.252,2.03,2.5
0.673,1.26,2.05,2.5
0.678,1.271,2.068,2.5
0.683,1.28,2.086,2.5
0.688,1.289,2.1,2.5
0.693,1.298,2.118,2.5
0.698,1.309,2.148,2.5
0.703,1.319,2.174,2.5
0.709,1.328,2.195,2.5
0.714,1.338,2.229,2.5
0.72,1.348,2.246,2.5
0.725,1.357,2.269,2.5
0.731,1.367,2.31,2.5
0.736,1.376,2.346,2.5
0.742,1.386,2.385,2.5
0.748,1.397,2.42,2.5
0.753,1.408,2.459,2.5
0.759,1.418,2.5,2.5
0.765,1.428,2.5,2.5
0.771,1.438,2.5,2.5
0.776,1.449,2.5,2.5
0.781,1.459,2.5,2.5
0.787,1.47,2.5,2.5
0.792,1.482,2.5,2.5
0.798,1.492,2.5,2.5
0.803,1.502,2.5,2.5
0.808,1.516,2.5,2.5
0.814,1.526,2.5,2.5
0.82,1.539,2.5,2.5
0.826,1.552,2.5,2.5
0.832,1.568,2.5,2.5
0.837,1.58,2.5,2.5
0.844,1.592,2.5,2.5
0.849,1.608,2.5,2.5
0.855,1.621,2.5,2.5
0.862,1.636,2.5,2.5
0.868,1.65,2.5,2.5
0.874,1.665,2.5,2.5
0.88,1.679,2.5,2.5
0.886,1.694,2.5,2.5
0.893,1.708,2.5,2.5
0.899,1.72,2.5,2.5
0.905,1.734,2.5,2.5
0.912,1.746,2.5,2.5
0.918,1.759,2.5,2.5
0.925,1.772,2.5,2.5
0.931,1.789,2.5,2.5
0.939,1.804,2.5,2.5
0.945,1.819,2.5,2.5
0.952,1.83,2.5,2.5
0.959,1.847,2.5,2.5
0.966,1.864,2.5,2.5
0.973,1.885,2.5,2.5
0.98,1.903,2.5,2.5
0.987,1.928,2.5,2.5
0.994,1.944,2.5,2.5
1.001,1.964,2.5,2.5
1.007,1.979,2.5,2.5
1.014,1.998,2.5,2.5
1.02,2.017,2.5,2.5
1.028,2.042,2.5,2.5
1.035,2.061,2.5,2.5
1.042,2.084,2.5,2.5
1.05,2.107,2.5,2.5
1.058,2.131,2.5,2.5
1.065,2.155,2.5,2.5
1.073,2.178,2.5,2.5
1.081,2.205,2.5,2.5
1.088,2.23,2.5,2.5
1.096,2.263,2.5,2.5
1.104,2.295,2.5,2.5
1.112,2.32,2.5,2.5
1.119,2.345,2.5,2.5
1.127,2.381,2.5,2.5
1.135,2.437,2.5,2.5
1.143,2.476,2.5,2.5
1.151,2.5,2.5,2.5
1.159,2.5,2.5,2.5
1.167,2.5,2.5,2.5
1.174,2.5,2.5,2.5
1.181,2.5,2.5,2.5
1.187,2.5,2.5,2.5
1.195,2.5,2.5,2.5
1.203,2.5,2.5,2.5
1.212,2.5,2.5,2.5
1.22,2.5,2.5,2.5
1.228,2.5,2.5,2.5
1.237,2.5,2.5,2.5
1.245,2.5,2.5,2.5
1.252,2.5,2.5,2.5
1.261,2.5,2.5,2.5
1.27,2.5,2.5,2.5
1.278,2.5,2.5,2.5
1.287,2.5,2.5,2.5
1.297,2.5,2.5,2.5
1.305,2.5,2.5,2.5
1.315,2.5,2.5,2.5
1.324,2.5,2.5,2.5
1.334,2.5,2.5,2.5
1.345,2.5,2.5,2.5
1.354,2.5,2.5,2.5
1.364,2.5,2.5,2.5
1.373,2.5,2.5,2.5
1.381,2.5,2.5,2.5
1.39,2.5,2.5,2.5
1.397,2.5,2.5,2.5
1.404,2.5,2.5,2.5
1.41,2.5,2.5,2.5
1.417,2.5,2.5,2.5
1.423,2.5,2.5,2.5
1.431,2.5,2.5,2.5
1.437,2.5,2.5,2.5
1.445,2.5,2.5,2.5
1.451,2.5,2.5,2.5
1.459,2.5,2.5,2.5
1.465,2.5,2.5,2.5
1.474,2.5,2.5,2.5
1.482,2.5,2.5,2.5
1.492,2.5,2.5,2.5
1.502,2.5,2.5,2.5
1.511,2.5,2.5,2.5
1.52,2.5,2.5,2.5
1.529,2.5,2.5,2.5
1.54,2.5,2.5,2.5
1.549,2.5,2.5,2.5
1.558,2.5,2.5,2.5
1.566,2.5,2.5,2.5
1.573,2.5,2.5,2.5
1.581,2.5,2.5,2.5
1.587,2.5,2.5,2.5
1.594,2.5,2.5,2.5
1.599,2.5,2.5,2.5
1.608,2.5,2.5,2.5
1.614,2.5,2.5,2.5
1.622,2.5,2.5,2.5
1.63,2.5,2.5,2.5
1.638,2.5,2.5,2.5
1.642,2.5,2.5,2.5
1.652,2.5,2.5,2.5
1.66,2.5,2.5,2.5
1.673,2.5,2.5,2.5
1.682,2.5,2.5,2.5
1.692,2.5,2.5,2.5
1.702,2.5,2.5,2.5
1.713,2.5,2.5,2.5
1.721,2.5,2.5,2.5
1.732,2.5,2.5,2.5
1.743,2.5,2.5,2.5
1.753,2.5,2.5,2.5
1.761,2.5,2.5,2.5
1.771,2.5,2.5,2.5
1.778,2.5,2.5,2.5
1.79,2.5,2.5,2.5
1.796,2.5,2.5,2.5
1.805,2.5,2.5,2.5
1.812,2.5,2.5,2.5
1.82,2.5,2.5,2.5
1.827,2.5,2.5,2.5
1.837,2.5,2.5,2.5
1.844,2.5,2.5,2.5
1.848,2.5,2.5,2.5
1.853,2.5,2.5,2.5
1.864,2.5,2.5,2.5
1.869,2.5,2.5,2.5
1.882,2.5,2.5,2.5
1.888,2.5,2.5,2.5
1.898,2.5,2.5,2.5
1.907,2.5,2.5,2.5
1.92,2.5,2.5,2.5
1.928,2.5,2.5,2.5
1.939,2.5,2.5,2.5
1.949,2.5,2.5,2.5
1.962,2.5,2.5,2.5
1.97,2.5,2.5,2.5
1.982,2.5,2.5,2.5
1.992,2.5,2.5,2.5
2.007,2.5,2.5,2.5
2.015,2.5,2.5,2.5
2.026,2.5,2.5,2.5
2.031,2.5,2.5,2.5
2.039,2.5,2.5,2.5
2.047,2.5,2.5,2.5
2.055,2.5,2.5,2.5
2.06,2.5,2.5,2.5
2.065,2.5,2.5,2.5
2.073,2.5,2.5,2.5
2.081,2.5,2.5,2.5
2.086,2.5,2.5,2.5
2.1,2.5,2.5,2.5
2.103,2.5,2.5,2.5
2.108,2.5,2.5,2.5
2.122,2.5,2.5,2.5
2.14,2.5,2.5,2.5
2.153,2.5,2.5,2.5
2.174,2.5,2.5,2.5
2.194,2.5,2.5,2.5
2.209,2.5,2.5,2.5
2.225,2.5,2.5,2.5
2.248,2.5,2.5,2.5
2.266,2.5,2.5,2.5
2.288,2.5,2.5,2.5
2.306,2.5,2.5,2.5
2.325,2.5,2.5,2.5
2.338,2.5,2.5,2.5
2.355,2.5,2.5,2.5
2.368,2.5,2.5,2.5
2.383,2.5,2.5,2.5
2.398,2.5,2.5,2.5
2.411,2.5,2.5,2.5
2.413,2.5,2.5,2.5
2.415,2.5,2.5,2.5
2.412,2.5,2.5,2.5
2.422,2.5,2.5,2.5
2.416,2.5,2.5,2.5
2.432,2.5,2.5,2.5
2.458,2.5,2.5,2.5
2.465,2.5,2.5,2.5
2.473,2.5,2.5,2.5
2.493,2.5,2.5,2.5
2.5,2.5,2.5,2.5
2.5,2.5,2.5,2.5
2.5,2.5,2.5,2.5
2.5,2.5,2.5,2.5
2.5,2.5,2.5,2.5
2.5,2.5,2.5,2.5
2.5,2.5,2.5,2.5
2.5,2.5,2.5,2.5
2.5,2.5,2.5,2.5
2.5,2.5,2.5,2.5
2.5,2.5,2.5,2.5
2.5,2.5,2.5,2.5
2.5,2.5,2.5,2.5
2.5,2.5,2.5,2.5
2.5,2.5,2.5,2.5
2.5,2.5,2.5,2.5
2.5,2.5,2.5,2.5
2.5,2.5,2.5,2.5
2.5,2.5,2.5,2.5
2.5,2.5,2.5,2.5
2.5,2.5,2.5,2.5
2.5,2.5,2.5,2.5
2.5,2.5,2.5,2.5
2.5,2.5,2.5,2.5
2.5,2.5,2.5,2.5
2.5,2.5,2.5,2.5
2.5,2.5,2.5,2.5
2.5,2.5,2.5,2.5
2.5,2.5,2.5,2.5
2.5,2.5,2.5,2.5
2.5,2.5,2.5,2.5
2.5,2.5,2.5,2.5
2.5,2.5,2.5,2.5
2.5,2.5,2.5,2.5
2.5,2.5,2.5,2.5
2.5,2.5,2.5,2.5
2.5,2.5,2.5,2.5
2.5,2.5,2.5,2.5
2.5,2.5,2.5,2.5
2.5,2.5,2.5,2.5
2.5,2.5,2.5,2.5
2.5,2.5,2.5,2.5
2.5,2.5,2.5,2.5
2.5,2.5,2.5,2.5
2.5,2.5,2.5,2.5
2.5,2.5,2.5,2.5
2.5,2.5,2.5,2.5
2.5,2.5,2.5,2.5
2.5,2.5,2.5,2.5
2.5,2.5,2.5,2.5
2.5,2.5,2.5,2.5
2.5,2.5,2.5,2.5
2.5,2.5,2.5,2.5
2.5,2.5,2.5,2.5
2.5,2.5,2.5,2.5
2.5,2.5,2.5,2.5
2.5,2.5,2.5,2.5
2.5,2.5,2.5,2.5
2.5,2.5,2.5,2.5
2.5,2.5,2.5,2.5
2.5,2.5,2.5,2.5
2.5,2.5,2.5,2.5
2.5,2.5,2.5,2.5
2.5,2.5,2.5,2.5
2.5,2.5,2.5,2.5
2.5,2.5,2.5,2.5
2.5,2.5,2.5,2.5
2.5,2.5,2.5,2.5
2.5,2.5,2.5,2.5
2.5,2.5,2.5,2.5
2.5,2.5,2.5,2.5
2.5,2.5,2.5,2.5
2.5,2.5,2.5,2.5
2.5,2.5,2.5,2.5
2.5,2.5,2.5,2.5
2.5,2.5,2.5,2.5
2.5,2.5,2.5,2.5
2.5,2.5,2.5,2.5
2.5,2.5,2.5,2.5
2.5,2.5,2.5,2.5
2.5,2.5,2.5,2.5
2.5,2.5,2.5,2.5
2.5,2.5,2.5,2.5
2.5,2.5,2.5,2.5
2.5,2.5,2.5,2.5
2.5,2.5,2.5,2.5
2.5,2.5,2.5,2.5
2.5,2.5,2.5,2.5
2.5,2.5,2.5,2.5
2.5,2.5,2.5,2.5
2.5,2.5,2.5,2.5
2.5,2.5,2.5,2.5
2.5,2.5,2.5,2.5
2.5,2.5,2.5,2.5
2.5,2.5,2.5,2.5
2.5,2.5,2.5,2.5
2.5,2.5,2.5,2.5
2.5,2.5,2.5,2.5
2.5,2.5,2.5,2.5
2.5,2.5,2.5,2.5
2.5,2.5,2.5,2.5
2.5,2.5,2.5,2.5
2.5,2.5,2.5,2.5
2.5,2.5,2.5,2.5
2.5,2.5,2.5,2.5
2.5,2.5,2.5,2.5
2.5,2.5,2.5,2.5
2.5,2.5,2.5,2.5
2.5,2.5,2.5,2.5
2.5,2.5,2.5,2.5
2.5,2.5,2.5,2.5
2.5,2.5,2.5,2.5
2.5,2.5,2.5,2.5
2.5,2.5,2.5,2.5
2.5,2.5,2.5,2.5
2.5,2.5,2.5,2.5
2.5,2.5,2.5,2.5
2.5,2.5,2.5,2.5
2.5,2.5,2.5,2.5
2.5,2.5,2.5,2.5
2.5,2.5,2.5,2.5
2.5,2.5,2.5,2.5
2.5,2.5,2.5,2.5
2.5,2.5,2.5,2.5
2.5,2.5,2.5,2.5
2.5,2.5,2.5,2.5
2.5,2.5,2.5,2.5
2.5,2.5,2.5,2.5
2.5,2.5,2.5,2.5
2.5,2.5,2.5,2.5
2.5,2.5,2.5,2.5
2.5,2.5,2.5,2.5
2.5,2.5,2.5,2.5
2.5,2.5,2.5,2.5
2.5,2.5,2.5,2.5
2.5,2.5,2.5,2.5
2.5,2.5,2.5,2.5
2.5,2.5,2.5,2.5
2.5,2.5,2.5,2.5
2.5,2.5,2.5,2.5
2.5,2.5,2.5,2.5
2.5,2.5,2.5,2.5
2.5,2.5,2.5,2.5
2.5,2.5,2.5,2.5
2.5,2.5,2.5,2.5
2.5,2.5,2.5,2.5
2.5,2.5,2.5,2.5
2.5,2.5,2.5,2.5
2.5,2.5,2.5,2.5
2.5,2.5,2.5,2.5
2.5,2.5,2.5,2.5
2.5,2.5,2.5,2.5
2.5,2.5,2.5,2.5
2.5,2.5,2.5,2.5
2.5,2.5,2.5,2.5
2.5,2.5,2.5,2.5
2.5,2.5,2.5,2.5
2.5,2.5,2.5,2.5
2.5,2.5,2.5,2.5
2.5,2.5,2.5,2.5
2.5,2.5,2.5,2.5
2.5,2.5,2.5,2.5
2.5,2.5,2.5,2.5
2.5,2.5,2.5,2.5
2.5,2.5,2.5,2.5
2.5,2.5,2.5,2.5
2.5,2.5,2.5,2.5
2.5,2.5,2.5,2.5
2.5,2.5,2.5,2.5
2.5,2.5,2.5,2.5
2.5,2.5,2.5,2.5
2.5,2.5,2.5,2.5
2.5,2.5,2.5,2.5
2.5,2.5,2.5,2.5
2.5,2.5,2.5,2.5
2.5,2.5,2.5,2.5
2.5,2.5,2.5,2.5
2.5,2.5,2.5,2.5
2.5,2.5,2.5,2.5
2.5,2.5,2.5,2.5
2.5,2.5,2.5,2.5
2.5,2.5,2.5,2.5
2.5,2.5,2.5,2.5
2.5,2.5,2.5,2.5
2.5,2.5,2.5,2.5
2.5,2.5,2.5,2.5
2.5,2.5,2.5,2.5
2.5,2.5,2.5,2.5
2.5,2.5,2.5,2.5
2.5,2.5,2.5,2.5
2.5,2.5,2.5,2.5
2.5,2.5,2.5,2.5
2.5,2.5,2.5,2.5
2.5,2.5,2.5,2.5
2.5,2.5,2.5,2.5
2.5,2.5,2.5,2.5
2.5,2.5,2.5,2.5
2.5,2.5,2.5,2.5
2.5,2.5,2.5,2.5
2.5,2.5,2.5,2.5
2.5,2.5,2.5,2.5
2.5,2.5,2.5,2.5
2.5,2.5,2.5,2.5
2.5,2.5,2.5,2.5
2.5,2.5,2.5,2.5
2.5,2.5,2.5,2.5
2.5,2.5,2.5,2.5
2.5,2.5,2.5,2.5
2.5,2.5,2.5,2.5
2.5,2.5,2.5,2.5
2.5,2.5,2.5,2.5
2.5,2.5,2.5,2.5
2.5,2.5,2.5,2.5
2.5,2.5,2.5,2.5
2.5,2.5,2.5,2.5
2.5,2.5,2.5,2.5
2.5,2.5,2.5,2.5
2.5,2.5,2.5,2.5
2.5,2.5,2.5,2.5
2.5,2.5,2.5,2.5
2.5,2.5,2.5,2.5
2.5,2.5,2.5,2.5
2.5,2.5,2.5,2.5
2.5,2.5,2.5,2.5
2.5,2.5,2.5,2.5
2.5,2.5,2.5,2.5
2.5,2.5,2.5,2.5
2.5,2.5,2.5,2.5
2.5,2.5,2.5,2.5
2.5,2.5,2.5,2.5
2.5,2.5,2.5,2.5
2.5,2.5,2.5,2.5
2.5,2.5,2.5,2.5
2.5,2.5,2.5,2.5
2.5,2.5,2.5,2.5
2.5,2.5,2.5,2.5
2.5,2.5,2.5,2.5
2.5,2.5,2.5,2.5
2.5,2.5,2.5,2.5
2.5,2.5,2.5,2.5
2.5,2.5,2.5,2.5
2.5,2.5,2.5,2.5
2.5,2.5,2.5,2.5
2.5,2.5,2.5,2.5
2.5,2.5,2.5,2.5
2.5,2.5,2.5,2.5
2.5,2.5,2.5,2.5
2.5,2.5,2.5,2.5
2.5,2.5,2.5,2.5
2.5,2.5,2.5,2.5
2.5,2.5,2.5,2.5
2.5,2.5,2.5,2.5
2.5,2.5,2.5,2.5
2.5,2.5,2.5,2.5
2.5,2.5,2.5,2.5
2.5,2.5,2.5,2.5
2.5,2.5,2.5,2.5
2.5,2.5,2.5,2.5
2.5,2.5,2.5,2.5
2.5,2.5,2.5,2.5
2.5,2.5,2.5,2.5
2.5,2.5,2.5,2.5
2.5,2.5,2.5,2.5
2.5,2.5,2.5,2.5
2.5,2.5,2.5,2.5
2.5,2.5,2.5,2.5
2.5,2.5,2.5,2.5
2.5,2.5,2.5,2.5
2.5,2.5,2.5,2.5
2.5,2.5,2.5,2.5
2.5,2.5,2.5,2.5
2.5,2.5,2.5,2.5
2.5,2.5,2.5,2.5
2.5,2.5,2.5,2.5
2.5,2.5,2.5,2.5
2.5,2.5,2.5,2.5
2.5,2.5,2.5,2.5
2.5,2.5,2.5,2.5
2.5,2.5,2.5,2.5
2.5,2.5,2.5,2.5
2.5,2.5,2.5,2.5
2.5,2.5,2.5,2.5
2.5,2.5,2.5,2.5
2.5,2.5,2.5,2.5
2.5,2.5,2.5,2.5
2.5,2.5,2.5,2.5
2.5,2.5,2.5,2.5
2.5,2.5,2.5,2.5
2.5,2.5,2.5,2.5
2.5,2.5,2.5,2.5
2.5,2.5,2.5,2.5
2.5,2.5,2.5,2.5
2.5,2.5,2.5,2.5
2.5,2.5,2.5,2.5
2.5,2.5,2.5,2.5
2.5,2.5,2.5,2.5
2.5,2.5,2.5,2.5
2.5,2.5,2.5,2.5
2.5,2.5,2.5,2.5
2.5,2.5,2.5,2.5
2.5,2.5,2.5,2.5
2.5,2.5,2.5,2.5
2.5,2.5,2.5,2.5
2.5,2.5,2.5,2.5
2.5,2.5,2.5,2.5
2.5,2.5,2.5,2.5
2.5,2.5,2.5,2.5
2.5,2.5,2.5,2.5
2.5,2.5,2.5,2.5
2.5,2.5,2.5,2.5
2.5,2.5,2.5,2.5
2.5,2.5,2.5,2.5
2.5,2.5,2.5,2.5
2.5,2.5,2.5,2.5
2.5,2.5,2.5,2.5
2.5,2.5,2.5,2.5
2.5,2.5,2.5,2.5
2.5,2.5,2.5,2.5
2.5,2.5,2.5,2.5
2.5,2.5,2.5,2.5
2.5,2.5,2.5,2.5
2.5,2.5,2.5,2.5
2.5,2.5,2.5,2.5
2.5,2.5,2.5,2.5
2.5,2.5,2.5,2.5
2.5,2.5,2.5,2.5
2.5,2.5,2.5,2.5
2.5,2.5,2.5,2.5
2.5,2.5,2.5,2.5
2.5,2.5,2.5,2.5
2.5,2.5,2.5,2.5
2.5,2.5,2.5,2.5
2.5,2.5,2.5,2.5
2.5,2.5,2.5,2.5
2.5,2.5,2.5,2.5
2.5,2.5,2.5,2.5
2.5,2.5,2.5,2.5
2.5,2.5,2.5,2.5
2.5,2.5,2.5,2.5
2.5,2.5,2.5,2.5
2.5,2.5,2.5,2.5
2.5,2.5,2.5,2.5
2.5,2.5,2.5,2.5
2.452,2.5,2.5,2.5
2.404,2.5,2.5,2.5
2.356,2.5,2.5,2.5
2.315,2.5,2.5,2.5
2.276,2.5,2.5,2.5
2.238,2.5,2.5,2.5
2.206,2.5,2.5,2.5
2.173,2.5,2.5,2.5
2.142,2.5,2.5,2.5
2.112,2.5,2.5,2.5
2.081,2.5,2.5,2.5
2.051,2.5,2.5,2.5
2.022,2.5,2.5,2.5
1.992,2.5,2.5,2.5
1.965,2.5,2.5,2.5
1.938,2.5,2.5,2.5
1.912,2.5,2.5,2.5
1.885,2.5,2.5,2.5
1.861,2.5,2.5,2.5
1.833,2.5,2.5,2.5
1.806,2.5,2.5,2.5
1.781,2.5,2.5,2.5
1.754,2.5,2.5,2.5
1.729,2.5,2.5,2.5
1.705,2.5,2.5,2.5
1.679,2.5,2.5,2.5
1.654,2.5,2.5,2.5
1.63,2.5,2.5,2.5
1.606,2.5,2.5,2.5
1.583,2.5,2.5,2.5
1.561,2.5,2.5,2.5
1.537,2.5,2.5,2.5
1.515,2.5,2.5,2.5
1.493,2.5,2.5,2.5
1.472,2.5,2.5,2.5
1.451,2.5,2.5,2.5
1.43,2.5,2.5,2.5
1.409,2.5,2.5,2.5
1.388,2.5,2.5,2.5
1.368,2.5,2.5,2.5
1.349,2.5,2.5,2.5
1.33,2.5,2.5,2.5
1.312,2.5,2.5,2.5
1.292,2.5,2.5,2.5
1.274,2.489,2.5,2.5
1.256,2.44,2.5,2.5
1.238,2.39,2.5,2.5
1.22,2.349,2.5,2.5
1.203,2.302,2.5,2.5
1.185,2.253,2.5,2.5
1.168,2.215,2.5,2.5
1.151,2.177,2.5,2.5
1.134,2.139,2.5,2.5
1.118,2.1,2.5,2.5
1.101,2.065,2.5,2.5
1.085,2.03,2.5,2.5
1.069,1.998,2.5,2.5
1.053,1.966,2.5,2.5
1.037,1.937,2.5,2.5
1.021,1.906,2.5,2.5
1.006,1.876,2.5,2.5
0.99,1.847,2.5,2.5
0.976,1.819,2.5,2.5
0.961,1.791,2.5,2.5
0.946,1.764,2.5,2.5
0.932,1.737,2.5,2.5
0.918,1.71,2.5,2.5
0.904,1.685,2.5,2.5
0.89,1.661,2.5,2.5
0.877,1.637,2.5,2.5
0.863,1.613,2.5,2.5
0.85,1.589,2.5,2.5
0.837,1.564,2.5,2.5
0.825,1.541,2.5,2.5
0.812,1.519,2.456,2.5
0.8,1.496,2.41,2.5
0.788,1.473,2.365,2.5
0.776,1.452,2.323,2.5
0.764,1.431,2.284,2.5
0.753,1.41,2.244,2.5
0.742,1.389,2.204,2.5
0.731,1.369,2.163,2.5
0.72,1.349,2.133,2.5
0.709,1.33,2.099,2.5
0.698,1.311,2.067,2.5
0.687,1.291,2.036,2.5
0.676,1.272,2.006,2.5
0.666,1.253,1.976,2.5
0.656,1.235,1.947,2.5
0.645,1.217,1.919,2.5
0.635,1.199,1.89,2.5
0.625,1.182,1.859,2.5
0.615,1.164,1.831,2.48
0.606,1.147,1.804,2.432
0.596,1.13,1.775,2.388
0.587,1.113,1.749,2.343
0.578,1.097,1.722,2.305
0.569,1.081,1.697,2.261
0.56,1.064,1.67,2.221
0.551,1.049,1.645,2.184
0.542,1.033,1.619,2.148
0.534,1.018,1.594,2.109
0.526,1.003,1.57,2.073
0.517,0.989,1.544,2.037
0.509,0.974,1.52,2.003
0.502,0.96,1.496,1.973
0.494,0.946,1.473,1.942
0.486,0.932,1.451,1.911
0.478,0.919,1.429,1.883
0.47,0.905,1.408,1.853
0.463,0.892,1.387,1.824
0.456,0.879,1.366,1.796
0.449,0.866,1.346,1.769
0.442,0.853,1.326,1.74
0.435,0.841,1.307,1.715
0.428,0.829,1.287,1.688
0.421,0.817,1.267,1.664
0.415,0.805,1.249,1.638
0.408,0.793,1.231,1.613
0.402,0.781,1.213,1.589
0.396,0.769,1.195,1.566
0.389,0.758,1.178,1.541
0.383,0.747,1.16,1.518
0.377,0.736,1.143,1.495
0.371,0.725,1.126,1.472
0.365,0.715,1.109,1.45
0.36,0.704,1.093,1.429
0.354,0.694,1.077,1.407
0.348,0.683,1.061,1.387
0.343,0.673,1.045,1.366
0.337,0.663,1.029,1.346
0.332,0.654,1.014,1.326
0.326,0.644,0.999,1.307
0.321,0.634,0.984,1.287
0.316,0.625,0.97,1.269
0.311,0.616,0.956,1.25
0.306,0.607,0.942,1.231
0.301,0.598,0.928,1.213
0.296,0.59,0.914,1.195
0.292,0.581,0.9,1.177
0.287,0.573,0.887,1.16
0.283,0.564,0.874,1.143
0.278,0.556,0.861,1.126
0.274,0.548,0.848,1.109
0.269,0.54,0.835,1.092
0.265,0.532,0.823,1.076
0.261,0.525,0.81,1.06
0.257,0.517,0.798,1.044
0.253,0.51,0.786,1.029
0.249,0.502,0.774,1.014
0.245,0.495,0.763,0.999
0.241,0.488,0.752,0.984
0.237,0.481,0.741,0.97
0.233,0.474,0.73,0.955
0.229,0.467,0.719,0.941
0.226,0.461,0.709,0.928
0.222,0.454,0.698,0.914
0.218,0.447,0.688,0.901
0.215,0.441,0.678,0.888
0.211,0.434,0.668,0.874
0.208,0.428,0.658,0.861
0.205,0.422,0.648,0.849
0.201,0.416,0.639,0.836
0.198,0.41,0.63,0.824
0.195,0.405,0.62,0.812
0.192,0.399,0.611,0.8
0.189,0.393,0.602,0.788
0.186,0.388,0.593,0.777
0.183,0.382,0.584,0.765
0.18,0.377,0.575,0.754
0.177,0.371,0.567,0.743
0.174,0.366,0.559,0.732
0.171,0.361,0.551,0.721
0.169,0.356,0.542,0.71
0.166,0.351,0.534,0.7
0.163,0.346,0.526,0.69
0.161,0.342,0.519,0.68
0.158,0.337,0.511,0.67
0.156,0.332,0.504,0.66
0.153,0.328,0.496,0.65
0.151,0.323,0.488,0.641
0.148,0.319,0.482,0.631
0.146,0.314,0.475,0.622
0.143,0.31,0.468,0.613
0.141,0.306,0.461,0.604
0.139,0.302,0.455,0.595
0.137,0.298,0.448,0.586
0.134,0.294,0.442,0.578
0.132,0.29,0.435,0.569
0.13,0.286,0.429,0.561
0.128,0.282,0.423,0.553
0.126,0.278,0.417,0.545
0.124,0.274,0.411,0.537
0.122,0.27,0.405,0.529
0.12,0.267,0.399,0.522
0.118,0.263,0.393,0.514
0.117,0.26,0.388,0.507
0.115,0.256,0.382,0.499
0.113,0.253,0.377,0.492
0.111,0.25,0.371,0.485
0.11,0.246,0.366,0.478
0.108,0.243,0.361,0.471
0.106,0.24,0.356,0.465
0.105,0.237,0.351,0.458
0.103,0.234,0.346,0.452
0.101,0.231,0.341,0.445
0.1,0.228,0.336,0.439
0.098,0.225,0.331,0.433
0.097,0.222,0.327,0.426
0.095,0.219,0.322,0.42
0.094,0.216,0.318,0.415
0.092,0.214,0.313,0.409
0.091,0.211,0.309,0.403
0.089,0.208,0.305,0.397
0.088,0.205,0.301,0.392
0.086,0.203,0.296,0.386
0.085,0.2,0.292,0.38
0.084,0.198,0.288,0.375
0.082,0.195,0.284,0.37
0.081,0.193,0.281,0.365
0.08,0.191,0.277,0.36
0.079,0.189,0.274,0.355
0.078,0.186,0.27,0.35
0.076,0.184,0.266,0.345
0.075,0.182,0.263,0.341
0.074,0.18,0.259,0.336
0.073,0.178,0.256,0.332
0.072,0.176,0.252,0.327
0.071,0.174,0.249,0.323
0.07,0.172,0.245,0.318
0.069,0.17,0.242,0.314
0.068,0.168,0.239,0.309
0.067,0.166,0.235,0.305
0.065,0.164,0.232,0.3
0.064,0.162,0.229,0.296
0.063,0.16,0.226,0.292
0.062,0.158,0.223,0.288
0.061,0.156,0.22,0.284
0.061,0.154,0.217,0.281
0.06,0.152,0.214,0.277
0.059,0.151,0.212,0.274
0.058,0.149,0.209,0.271
0.057,0.148,0.207,0.268
0.056,0.146,0.205,0.265
0.056,0.144,0.203,0.263
0.055,0.142,0.2,0.26
0.054,0.14,0.198,0.257
0.054,0.138,0.195,0.254
0.053,0.136,0.192,0.25
0.052,0.133,0.189,0.247
0.052,0.131,0.187,0.243
0.051,0.129,0.184,0.239
0.05,0.127,0.181,0.235
0.049,0.126,0.178,0.231
0.049,0.125,0.176,0.227
0.048,0.124,0.173,0.223
0.047,0.124,0.171,0.219
0.046,0.124,0.17,0.216
0.046,0.124,0.168,0.213
0.045,0.124,0.167,0.211
0.044,0.124,0.166,0.209
0.044,0.124,0.165,0.207
0.043,0.124,0.164,0.206
0.042,0.124,0.163,0.205
0.042,0.123,0.162,0.203
0.041,0.123,0.161,0.202
0.041,0.121,0.159,0.2
0.04,0.12,0.157,0.198
0.039,0.118,0.155,0.195
0.039,0.117,0.153,0.193
0.038,0.115,0.151,0.19
0.037,0.113,0.149,0.188
0.037,0.111,0.147,0.185
0.036,0.11,0.145,0.183
0.036,0.108,0.143,0.18
0.035,0.107,0.141,0.178
0.035,0.106,0.139,0.176
0.034,0.105,0.137,0.174
0.034,0.104,0.136,0.172
0.033,0.103,0.134,0.17
0.033,0.102,0.133,0.168
0.032,0.101,0.131,0.166
0.032,0.1,0.13,0.164
0.032,0.099,0.129,0.163
0.031,0.098,0.127,0.161
0.031,0.097,0.126,0.159
0.03,0.097,0.125,0.157
0.03,0.096,0.124,0.156
0.03,0.095,0.122,0.154
0.029,0.094,0.121,0.152
0.029,0.093,0.12,0.151
0.028,0.093,0.118,0.149
0.028,0.092,0.117,0.147
0.028,0.091,0.116,0.146
0.027,0.09,0.114,0.144
0.027,0.09,0.113,0.143
0.026,0.089,0.112,0.141
0.026,0.088,0.111,0.14
0.026,0.088,0.11,0.138
0.026,0.087,0.109,0.137
0.025,0.086,0.108,0.135
0.025,0.086,0.107,0.134
0.025,0.085,0.106,0.133
0.024,0.085,0.105,0.131
0.024,0.084,0.104,0.13
0.023,0.083,0.103,0.129
0.023,0.083,0.102,0.127
0.023,0.082,0.102,0.126
0.023,0.082,0.101,0.125
0.022,0.081,0.1,0.124
0.022,0.081,0.099,0.123
0.022,0.08,0.098,0.121
0.022,0.079,0.097,0.12
0.021,0.079,0.096,0.119
0.021,0.078,0.095,0.118
0.021,0.078,0.094,0.117
0.02,0.077,0.093,0.115
0.02,0.077,0.092,0.114
0.02,0.076,0.091,0.113
0.019,0.076,0.09,0.112
0.019,0.075,0.09,0.111
0.019,0.075,0.089,0.11
0.019,0.074,0.088,0.109
0.019,0.074,0.088,0.108
0.018,0.073,0.087,0.107
0.018,0.073,0.086,0.106
0.018,0.072,0.085,0.105
0.018,0.072,0.085,0.104
0.018,0.072,0.084,0.103
0.017,0.071,0.083,0.102
0.017,0.071,0.083,0.101
0.017,0.07,0.082,0.101
0.017,0.07,0.081,0.1
0.017,0.07,0.081,0.099
0.016,0.069,0.08,0.098
0.016,0.069,0.08,0.097
0.016,0.069,0.079,0.096
0.016,0.068,0.078,0.095
0.015,0.067,0.077,0.095
0.015,0.067,0.077,0.094
0.015,0.067,0.076,0.093
0.015,0.066,0.076,0.092
0.014,0.066,0.075,0.091
0.014,0.066,0.075,0.09
0.014,0.065,0.074,0.09
0.014,0.065,0.074,0.089
0.014,0.065,0.073,0.088
0.014,0.064,0.073,0.088
0.013,0.064,0.072,0.087
0.013,0.064,0.071,0.086
0.013,0.063,0.071,0.085
0.013,0.063,0.071,0.085
0.013,0.063,0.07,0.084
0.013,0.062,0.07,0.083
0.013,0.062,0.069,0.083
0.013,0.062,0.069,0.082
0.013,0.062,0.068,0.081
0.012,0.061,0.068,0.081
0.012,0.061,0.067,0.08
0.012,0.061,0.067,0.08
0.012,0.06,0.066,0.079
0.012,0.06,0.066,0.078
0.012,0.06,0.065,0.078
0.012,0.059,0.064,0.077
0.012,0.059,0.064,0.077
0.011,0.059,0.064,0.076
0.011,0.058,0.063,0.075
0.011,0.058,0.063,0.075
0.011,0.058,0.062,0.074
0.01,0.057,0.062,0.074
0.01,0.057,0.061,0.073
0.01,0.057,0.061,0.072
0.01,0.056,0.06,0.072
0.01,0.056,0.06,0.071
0.009,0.056,0.06,0.071
0.009,0.055,0.059,0.07
0.009,0.055,0.059,0.07
0.009,0.055,0.059,0.069
0.009,0.055,0.058,0.069
0.009,0.055,0.058,0.068
0.009,0.054,0.058,0.068
0.009,0.054,0.057,0.068
0.009,0.054,0.057,0.067
0.009,0.054,0.057,0.067
0.009,0.054,0.057,0.066
0.009,0.054,0.056,0.066
0.009,0.054,0.056,0.066
0.008,0.053,0.056,0.065
0.009,0.053,0.055,0.065
0.008,0.053,0.055,0.064
0.008,0.053,0.055,0.064
0.008,0.053,0.054,0.063
0.008,0.052,0.054,0.063
0.008,0.052,0.054,0.063
0.008,0.052,0.053,0.062
0.008,0.052,0.053,0.062
0.008,0.052,0.053,0.062
0.008,0.051,0.053,0.061
0.007,0.051,0.052,0.061
0.007,0.051,0.052,0.06
0.007,0.051,0.052,0.06
0.007,0.051,0.052,0.06
0.007,0.051,0.051,0.059
0.007,0.051,0.051,0.059
0.007,0.05,0.051,0.059
0.007,0.05,0.051,0.059
0.007,0.05,0.05,0.058
0.007,0.05,0.05,0.058
0.007,0.049,0.05,0.058
0.007,0.049,0.049,0.057
0.007,0.049,0.049,0.057
0.007,0.049,0.049,0.056
0.006,0.049,0.049,0.056
0.006,0.049,0.049,0.056
0.006,0.048,0.048,0.055
0.006,0.048,0.048,0.055
0.006,0.048,0.048,0.055
0.006,0.048,0.048,0.055
0.006,0.048,0.048,0.054
0.006,0.048,0.048,0.054
0.006,0.047,0.047,0.054
0.006,0.047,0.047,0.053
0.006,0.047,0.047,0.053
0.006,0.047,0.047,0.053
0.006,0.047,0.047,0.053
0.006,0.047,0.047,0.053
0.006,0.047,0.047,0.052
0.005,0.047,0.046,0.052
0.005,0.047,0.046,0.052
0.005,0.047,0.046,0.052
0.005,0.047,0.046,0.051
0.005,0.047,0.045,0.051
0.005,0.046,0.045,0.051
0.005,0.046,0.045,0.051
0.005,0.046,0.045,0.051
0.005,0.046,0.045,0.05
0.005,0.046,0.045,0.05
0.005,0.046,0.045,0.05
0.005,0.046,0.044,0.05
0.005,0.046,0.044,0.049
0.005,0.046,0.044,0.049
0.005,0.045,0.044,0.049
0.005,0.045,0.044,0.049
0.005,0.045,0.044,0.048
0.005,0.045,0.043,0.048
0.005,0.045,0.043,0.048
0.004,0.045,0.043,0.048
0.004,0.045,0.043,0.048
0.004,0.045,0.043,0.047
0.004,0.045,0.043,0.047
0.004,0.045,0.042,0.047
0.004,0.044,0.042,0.047
0.004,0.044,0.042,0.047
0.004,0.044,0.042,0.047
0.004,0.044,0.042,0.046
0.004,0.044,0.042,0.046
0.004,0.044,0.042,0.046
0.004,0.044,0.042,0.046
0.004,0.044,0.042,0.046
0.004,0.044,0.042,0.046
0.004,0.044,0.042,0.046
0.004,0.044,0.042,0.046
0.004,0.044,0.041,0.046
0.004,0.044,0.041,0.046
0.004,0.044,0.041,0.045
0.004,0.044,0.041,0.045
0.004,0.043,0.041,0.045
0.004,0.043,0.041,0.045
0.004,0.043,0.04,0.045
0.004,0.043,0.04,0.045
0.004,0.043,0.04,0.044
0.003,0.043,0.04,0.044
0.003,0.043,0.04,0.044
0.003,0.043,0.04,0.044
0.003,0.043,0.039,0.044
0.003,0.043,0.039,0.044
0.003,0.042,0.039,0.043
0.003,0.042,0.039,0.043
0.003,0.042,0.039,0.043
0.003,0.042,0.039,0.043
0.003,0.042,0.039,0.043
0.003,0.042,0.039,0.043
0.003,0.042,0.039,0.043
0.003,0.042,0.039,0.043
0.003,0.042,0.039,0.043
0.003,0.042,0.039,0.043
0.003,0.042,0.039,0.042
0.003,0.042,0.039,0.042
0.003,0.042,0.039,0.042
0.003,0.042,0.039,0.042
0.003,0.042,0.039,0.042
0.003,0.042,0.038,0.042
0.003,0.042,0.038,0.042
0.003,0.042,0.038,0.042
0.003,0.042,0.038,0.042
0.003,0.042,0.038,0.042
0.003,0.042,0.038,0.042
0.003,0.041,0.038,0.042
0.003,0.041,0.038,0.042
0.003,0.041,0.038,0.041
0.003,0.041,0.038,0.041
0.003,0.041,0.038,0.041
0.003,0.041,0.038,0.041
0.003,0.041,0.038,0.041
0.003,0.041,0.038,0.041
0.003,0.041,0.038,0.041
0.003,0.041,0.038,0.041
0.003,0.041,0.038,0.041
0.003,0.041,0.038,0.041
0.003,0.041,0.038,0.041
0.003,0.041,0.037,0.041
0.003,0.041,0.037,0.041
0.003,0.041,0.037,0.04
0.003,0.041,0.037,0.04
0.003,0.041,0.037,0.04
0.003,0.041,0.037,0.04
0.003,0.041,0.037,0.04
0.003,0.04,0.037,0.04
0.003,0.041,0.037,0.04
0.003,0.04,0.037,0.04
0.003,0.04,0.037,0.04
0.003,0.04,0.037,0.04
0.003,0.04,0.036,0.04
0.003,0.04,0.036,0.04
0.003,0.04,0.037,0.04
0.003,0.04,0.037,0.04
0.003,0.04,0.037,0.04
0.003,0.04,0.037,0.04
0.003,0.04,0.036,0.04
0.003,0.04,0.036,0.04
0.003,0.041,0.036,0.04
0.003,0.04,0.036,0.04
0.003,0.041,0.036,0.04
0.003,0.041,0.036,0.04
0.003,0.041,0.036,0.04
0.003,0.04,0.036,0.039
0.003,0.04,0.036,0.039
0.003,0.04,0.036,0.039
0.003,0.04,0.036,0.039
0.003,0.04,0.036,0.039
0.003,0.04,0.036,0.039
0.003,0.04,0.036,0.039
0.003,0.04,0.036,0.039
0.003,0.04,0.036,0.039
0.003,0.04,0.036,0.039
0.003,0.04,0.036,0.039
0.003,0.04,0.036,0.039
0.003,0.04,0.036,0.039
0.003,0.04,0.036,0.039
0.003,0.04,0.036,0.039
0.003,0.04,0.036,0.039
0.003,0.04,0.036,0.039
0.003,0.04,0.036,0.039
0.003,0.04,0.036,0.039
0.003,0.04,0.036,0.039
0.003,0.04,0.036,0.039
0.003,0.04,0.036,0.039
0.003,0.04,0.036,0.039
0.003,0.04,0.035,0.038
0.003,0.04,0.035,0.038
0.002,0.04,0.035,0.038
0.002,0.039,0.035,0.038
0.003,0.04,0.035,0.038
0.002,0.039,0.035,0.038
0.002,0.039,0.035,0.038
0.002,0.039,0.035,0.038
0.002,0.039,0.035,0.038
0.002,0.039,0.035,0.038
0.002,0.039,0.035,0.038
0.002,0.039,0.034,0.038
0.002,0.039,0.034,0.038
0.002,0.039,0.035,0.038
0.002,0.039,0.034,0.038
0.002,0.039,0.034,0.038
0.002,0.039,0.034,0.038
0.002,0.039,0.034,0.038
0.002,0.039,0.034,0.038
0.002,0.039,0.034,0.038
0.002,0.039,0.035,0.038
0.002,0.039,0.034,0.038
0.002,0.039,0.034,0.038
0.002,0.039,0.035,0.038
0.002,0.039,0.035,0.038
0.003,0.039,0.035,0.038
0.003,0.039,0.035,0.038
0.003,0.039,0.035,0.038
0.003,0.04,0.035,0.038
0.003,0.039,0.035,0.038
0.003,0.039,0.035,0.038
0.003,0.039,0.035,0.038
0.003,0.039,0.035,0.038
0.003,0.039,0.035,0.038
0.003,0.039,0.035,0.038
0.003,0.039,0.035,0.038
0.003,0.039,0.035,0.038
0.003,0.039,0.035,0.038
0.003,0.039,0.034,0.038
0.003,0.039,0.035,0.038
0.002,0.039,0.034,0.038
0.002,0.039,0.034,0.038
0.002,0.039,0.034,0.038
0.002,0.039,0.034,0.038
0.002,0.039,0.034,0.038
0.002,0.039,0.034,0.038
0.002,0.039,0.034,0.038
0.002,0.039,0.034,0.038
0.002,0.039,0.034,0.038
0.002,0.039,0.034,0.038
0.002,0.039,0.034,0.038
0.002,0.039,0.034,0.038
0.002,0.039,0.034,0.038
0.002,0.039,0.034,0.038
0.002,0.039,0.034,0.038
0.002,0.039,0.034,0.038
0.002,0.039,0.034,0.038
0.002,0.039,0.034,0.038
0.002,0.039,0.034,0.038
0.002,0.039,0.034,0.038
0.002,0.039,0.034,0.038
0.002,0.039,0.034,0.038
0.002,0.039,0.034,0.038
0.002,0.039,0.034,0.038
0.002,0.039,0.034,0.038
0.002,0.039,0.034,0.038
0.002,0.039,0.034,0.038
0.002,0.039,0.034,0.038
0.002,0.038,0.034,0.038
0.002,0.038,0.034,0.038
0.002,0.038,0.034,0.038
0.002,0.038,0.034,0.038
0.002,0.038,0.034,0.038
0.002,0.038,0.034,0.038
0.002,0.038,0.034,0.038
0.002,0.038,0.034,0.038
0.002,0.038,0.034,0.038
0.002,0.039,0.035,0.038
0.002,0.039,0.035,0.038
0.002,0.039,0.035,0.038
0.002,0.039,0.035,0.038
0.002,0.039,0.034,0.038
0.002,0.039,0.034,0.038
0.002,0.039,0.034,0.038
0.002,0.039,0.034,0.038
0.002,0.038,0.034,0.038
0.002,0.038,0.034,0.038
0.002,0.038,0.034,0.038
0.002,0.038,0.034,0.038
0.002,0.038,0.034,0.038
0.002,0.038,0.034,0.038
0.002,0.038,0.034,0.038
0.002,0.038,0.033,0.038
0.002,0.038,0.033,0.038
0.002,0.038,0.033,0.038
0.002,0.038,0.033,0.038
0.002,0.038,0.033,0.038
0.002,0.038,0.033,0.038
0.002,0.038,0.033,0.038
0.002,0.038,0.033,0.038
0.002,0.038,0.034,0.038
0.002,0.038,0.034,0.038
0.002,0.038,0.034,0.038
0.002,0.038,0.034,0.038
0.002,0.038,0.034,0.038
0.002,0.038,0.034,0.038
0.002,0.038,0.034,0.038
0.002,0.038,0.034,0.038
0.002,0.038,0.034,0.038
0.002,0.038,0.034,0.038
0.002,0.038,0.034,0.038
0.002,0.038,0.034,0.038
0.002,0.038,0.034,0.038
0.002,0.038,0.034,0.038
0.002,0.038,0.034,0.038
0.002,0.038,0.033,0.038
0.002,0.038,0.033,0.038
0.002,0.038,0.033,0.038
0.002,0.038,0.033,0.038
0.002,0.038,0.033,0.038
0.002,0.038,0.033,0.038
0.002,0.038,0.033,0.038
0.002,0.038,0.033,0.038
0.002,0.038,0.033,0.038
0.002,0.038,0.033,0.038
0.002,0.038,0.033,0.038
0.002,0.038,0.033,0.038
0.002,0.038,0.033,0.038
0.003,0.038,0.033,0.038
0.003,0.038,0.033,0.038
0.003,0.038,0.033,0.038
0.003,0.038,0.033,0.038
0.003,0.038,0.033,0.038
0.002,0.038,0.033,0.038
0.002,0.038,0.033,0.038
0.002,0.038,0.033,0.038
0.002,0.038,0.033,0.038
0.002,0.038,0.033,0.038
0.002,0.038,0.033,0.038
0.002,0.038,0.033,0.038
0.002,0.038,0.033,0.038
0.002,0.038,0.032,0.038
0.002,0.037,0.032,0.038
0.002,0.037,0.032,0.038
0.002,0.037,0.032,0.038
0.002,0.037,0.032,0.038
0.002,0.037,0.032,0.038
0.002,0.037,0.032,0.038
0.002,0.037,0.033,0.038
0.002,0.037,0.033,0.038
0.002,0.037,0.033,0.038
0.002,0.037,0.033,0.038
0.002,0.037,0.033,0.038
0.002,0.037,0.033,0.038
0.002,0.037,0.033,0.038
0.002,0.037,0.033,0.038
0.002,0.037,0.033,0.038
0.002,0.037,0.033,0.038
0.002,0.037,0.033,0.038
0.002,0.038,0.033,0.038
0.002,0.038,0.033,0.038
0.002,0.038,0.033,0.038
0.002,0.038,0.033,0.038
0.002,0.038,0.033,0.038
0.002,0.038,0.033,0.038
0.002,0.038,0.033,0.038
0.002,0.037,0.033,0.038
0.002,0.037,0.033,0.038
0.002,0.037,0.033,0.038
0.002,0.037,0.033,0.038
0.002,0.037,0.033,0.038
0.002,0.037,0.033,0.038
0.002,0.037,0.033,0.038
0.002,0.037,0.033,0.038
0.002,0.037,0.033,0.038
0.002,0.037,0.033,0.038
0.002,0.037,0.033,0.039
0.002,0.037,0.033,0.039
0.002,0.037,0.033,0.039
0.002,0.038,0.033,0.039
0.002,0.037,0.033,0.039
0.002,0.038,0.033,0.039
0.002,0.038,0.033,0.039
0.002,0.038,0.033,0.039
0.002,0.038,0.033,0.039
0.002,0.038,0.033,0.039
0.002,0.038,0.033,0.039
0.002,0.038,0.033,0.039
0.002,0.038,0.033,0.039
0.002,0.038,0.033,0.039
0.002,0.038,0.033,0.039
0.002,0.038,0.033,0.038
0.002,0.038,0.033,0.038
0.002,0.038,0.033,0.038
0.002,0.038,0.033,0.039
0.003,0.038,0.033,0.038
0.003,0.038,0.033,0.038
0.003,0.038,0.033,0.038
0.003,0.038,0.033,0.038
0.002,0.038,0.033,0.038
0.003,0.038,0.033,0.038
0.002,0.038,0.033,0.038
0.002,0.038,0.033,0.039
0.003,0.038,0.033,0.038
0.002,0.038,0.033,0.038
0.002,0.038,0.033,0.039
0.002,0.038,0.033,0.039
0.002,0.038,0.033,0.039
0.002,0.038,0.033,0.039
0.002,0.038,0.033,0.039
0.002,0.038,0.033,0.039
0.002,0.038,0.032,0.039
0.002,0.038,0.032,0.039
0.002,0.038,0.033,0.039
0.002,0.038,0.033,0.039
0.002,0.037,0.032,0.039
0.002,0.037,0.032,0.039
0.002,0.037,0.032,0.039
0.002,0.038,0.032,0.039
0.002,0.038,0.032,0.039
0.002,0.038,0.032,0.039
0.002,0.037,0.032,0.039
0.002,0.037,0.032,0.039
0.002,0.037,0.032,0.039
0.002,0.037,0.032,0.038
0.002,0.037,0.032,0.038
0.002,0.037,0.032,0.038
0.002,0.037,0.032,0.038
0.002,0.037,0.032,0.038
0.002,0.037,0.032,0.038
0.002,0.037,0.032,0.038
0.002,0.037,0.032,0.038
0.002,0.037,0.032,0.039
0.002,0.037,0.032,0.039
0.002,0.037,0.032,0.039
0.002,0.037,0.032,0.039
0.002,0.037,0.032,0.039
0.002,0.037,0.032,0.039
0.002,0.037,0.032,0.039
0.002,0.037,0.031,0.039
0.002,0.037,0.031,0.039
0.002,0.037,0.031,0.039
0.002,0.037,0.031,0.039
0.002,0.037,0.031,0.039
0.002,0.037,0.031,0.039
0.002,0.037,0.031,0.039
0.002,0.037,0.032,0.039
0.002,0.037,0.032,0.039
0.002,0.037,0.032,0.039
0.002,0.036,0.032,0.039
0.001,0.036,0.032,0.039
0.001,0.036,0.032,0.039
0.001,0.036,0.032,0.039
0.001,0.036,0.032,0.039
0.001,0.036,0.032,0.039
0.001,0.036,0.032,0.039
0.001,0.036,0.032,0.038
0.001,0.036,0.032,0.038
0.001,0.036,0.032,0.038
0.001,0.036,0.031,0.038
0.001,0.036,0.032,0.038
0.001,0.036,0.032,0.038
0.001,0.037,0.031,0.038
0.001,0.037,0.031,0.038
0.001,0.036,0.031,0.038
0.002,0.036,0.031,0.038
0.002,0.036,0.031,0.038
0.002,0.036,0.031,0.038
0.002,0.036,0.031,0.038
0.002,0.036,0.031,0.039
0.002,0.036,0.031,0.039
0.002,0.036,0.031,0.039
0.002,0.036,0.031,0.039
0.002,0.036,0.031,0.039
0.002,0.036,0.031,0.039
0.002,0.036,0.031,0.039
0.002,0.036,0.031,0.039
0.002,0.036,0.031,0.039
0.002,0.036,0.031,0.039
0.002,0.036,0.031,0.039
0.002,0.036,0.031,0.039
0.002,0.036,0.031,0.039
0.002,0.036,0.031,0.039
0.002,0.036,0.031,0.039
0.002,0.036,0.031,0.039
0.002,0.037,0.032,0.039
0.002,0.036,0.032,0.039
0.002,0.036,0.032,0.039
0.002,0.036,0.032,0.039
0.002,0.036,0.032,0.039
0.002,0.036,0.032,0.039
0.002,0.036,0.032,0.039
0.002,0.036,0.032,0.04
0.002,0.036,0.032,0.04
0.002,0.036,0.032,0.04
0.003,0.036,0.032,0.04
0.002,0.036,0.032,0.04
0.002,0.036,0.032,0.04
0.002,0.036,0.032,0.04
0.002,0.036,0.032,0.04
0.002,0.036,0.032,0.04
0.002,0.036,0.032,0.04
0.002,0.036,0.032,0.04
0.002,0.036,0.032,0.04
0.002,0.036,0.032,0.04
0.002,0.036,0.032,0.04
0.002,0.037,0.032,0.04
0.002,0.037,0.032,0.04
0.002,0.037,0.032,0.04
0.002,0.037,0.032,0.04
0.003,0.037,0.032,0.04
0.003,0.037,0.032,0.04
0.003,0.037,0.032,0.04
0.003,0.037,0.032,0.04
0.003,0.037,0.032,0.04
0.003,0.037,0.032,0.04
0.003,0.037,0.032,0.04
0.003,0.037,0.032,0.04
0.003,0.037,0.032,0.04
0.003,0.037,0.032,0.04
0.003,0.037,0.032,0.04
0.003,0.037,0.032,0.04
0.003,0.037,0.032,0.04
0.003,0.037,0.032,0.04
0.003,0.037,0.032,0.04
0.003,0.037,0.032,0.04
0.003,0.037,0.032,0.04
0.003,0.037,0.032,0.04
0.003,0.037,0.032,0.04
0.003,0.037,0.032,0.04
0.003,0.037,0.032,0.04
0.003,0.037,0.032,0.04
0.003,0.037,0.032,0.04
0.003,0.037,0.032,0.04
0.003,0.037,0.032,0.04
0.002,0.037,0.032,0.04
0.002,0.037,0.032,0.04
0.002,0.037,0.032,0.04
0.002,0.037,0.032,0.04
0.002,0.037,0.032,0.04
0.002,0.037,0.032,0.04
0.002,0.037,0.032,0.04
0.002,0.037,0.032,0.04
0.002,0.036,0.032,0.04
0.002,0.036,0.032,0.04
0.002,0.036,0.032,0.04
0.002,0.036,0.031,0.04
0.002,0.036,0.031,0.04
0.003,0.036,0.031,0.04
0.003,0.036,0.031,0.04
0.003,0.036,0.031,0.04
0.003,0.036,0.031,0.04
0.003,0.036,0.031,0.04
0.003,0.036,0.031,0.04
0.003,0.036,0.031,0.04
0.003,0.036,0.032,0.04
0.003,0.036,0.032,0.04
0.003,0.036,0.032,0.04
0.003,0.036,0.032,0.04
0.003,0.036,0.032,0.04
0.003,0.036,0.032,0.041
0.003,0.036,0.032,0.041
0.003,0.036,0.032,0.041
0.003,0.036,0.032,0.041
0.003,0.036,0.032,0.041
0.003,0.036,0.032,0.041
0.003,0.036,0.032,0.04
0.003,0.036,0.032,0.041
0.003,0.036,0.032,0.04
0.003,0.036,0.032,0.041
0.003,0.036,0.032,0.04
0.003,0.036,0.032,0.04
0.003,0.036,0.032,0.04
0.003,0.036,0.032,0.04
0.003,0.036,0.032,0.04
0.003,0.036,0.032,0.041
0.003,0.036,0.031,0.04
0.003,0.036,0.031,0.041
0.003,0.036,0.031,0.041
0.003,0.036,0.031,0.041
0.003,0.036,0.031,0.041
0.003,0.036,0.031,0.041
0.003,0.036,0.031,0.041
0.003,0.036,0.031,0.041
0.003,0.036,0.031,0.041
0.003,0.036,0.031,0.041
0.003,0.036,0.031,0.041
0.003,0.036,0.031,0.041
0.003,0.036,0.031,0.041
0.003,0.036,0.031,0.041
0.004,0.036,0.031,0.041
0.004,0.036,0.031,0.041
0.004,0.036,0.031,0.041
0.004,0.036,0.031,0.041
0.004,0.036,0.032,0.041
0.004,0.036,0.031,0.041
0.004,0.036,0.031,0.041
0.004,0.036,0.032,0.041
0.004,0.036,0.032,0.041
0.004,0.036,0.031,0.041
0.004,0.036,0.031,0.041
0.004,0.036,0.031,0.041
0.004,0.036,0.031,0.041
0.004,0.035,0.031,0.041
0.004,0.035,0.031,0.041
0.004,0.035,0.031,0.041
0.004,0.035,0.031,0.041
0.003,0.035,0.031,0.041
0.003,0.035,0.031,0.04
0.003,0.035,0.031,0.041
0.003,0.035,0.031,0.04
0.003,0.035,0.031,0.04
0.003,0.035,0.031,0.04
0.003,0.035,0.031,0.04
0.003,0.035,0.031,0.04
0.003,0.035,0.031,0.04
0.003,0.035,0.031,0.04
0.003,0.034,0.031,0.04
0.003,0.034,0.031,0.04
0.003,0.034,0.031,0.04
0.003,0.034,0.03,0.04
0.003,0.034,0.03,0.04
0.003,0.034,0.03,0.04
0.003,0.034,0.03,0.04
0.003,0.034,0.03,0.04
0.003,0.034,0.03,0.04
0.003,0.034,0.031,0.04
0.003,0.034,0.03,0.04
0.003,0.034,0.03,0.04
0.003,0.034,0.03,0.04
0.004,0.034,0.03,0.04
0.004,0.034,0.031,0.04
0.004,0.034,0.031,0.041
0.004,0.034,0.031,0.041
0.004,0.034,0.031,0.041
0.004,0.035,0.031,0.041
0.005,0.035,0.031,0.041
0.005,0.035,0.031,0.041
0.005,0.035,0.032,0.041
0.005,0.035,0.032,0.041
0.005,0.035,0.032,0.041
0.005,0.035,0.032,0.041
0.005,0.035,0.032,0.041
0.005,0.035,0.032,0.041
0.005,0.035,0.032,0.041
0.005,0.035,0.032,0.041
0.005,0.035,0.032,0.041
0.005,0.035,0.032,0.041
0.005,0.034,0.032,0.041
0.005,0.034,0.032,0.041
0.005,0.034,0.032,0.041
0.005,0.034,0.031,0.041
0.005,0.034,0.031,0.041
0.005,0.034,0.031,0.041
0.005,0.034,0.031,0.041
0.005,0.034,0.031,0.041
0.005,0.034,0.031,0.041
0.005,0.034,0.031,0.041
0.005,0.034,0.031,0.041
0.005,0.034,0.031,0.04
0.005,0.034,0.031,0.04
0.004,0.034,0.031,0.04
0.004,0.034,0.031,0.04
0.004,0.034,0.031,0.04
0.004,0.033,0.031,0.04
0.004,0.034,0.031,0.04
0.004,0.034,0.031,0.04
0.004,0.033,0.031,0.04
0.004,0.033,0.031,0.04
0.004,0.033,0.031,0.04
0.004,0.033,0.031,0.04
0.005,0.033,0.031,0.04
0.005,0.033,0.031,0.04
0.005,0.033,0.031,0.04
0.005,0.033,0.031,0.041
0.005,0.033,0.031,0.04
0.005,0.033,0.031,0.04
0.005,0.033,0.031,0.04
0.006,0.033,0.031,0.04
0.006,0.033,0.032,0.04
0.006,0.033,0.032,0.04
0.006,0.033,0.031,0.04
0.006,0.033,0.031,0.04
0.006,0.033,0.031,0.04
0.006,0.033,0.031,0.04
0.006,0.033,0.031,0.04
0.006,0.033,0.031,0.04
0.006,0.033,0.031,0.04
0.006,0.033,0.031,0.04
0.006,0.033,0.031,0.04
0.006,0.033,0.031,0.041
0.006,0.033,0.031,0.041
0.006,0.033,0.031,0.041
0.006,0.033,0.031,0.041
0.006,0.033,0.03,0.041
0.006,0.033,0.03,0.041
0.006,0.033,0.031,0.041
0.006,0.033,0.031,0.041
0.006,0.033,0.031,0.041
0.006,0.033,0.031,0.041
0.006,0.033,0.031,0.041
0.006,0.033,0.031,0.041
0.006,0.033,0.032,0.041
0.006,0.033,0.032,0.041
0.006,0.033,0.032,0.041
0.006,0.033,0.032,0.041
0.006,0.033,0.032,0.041
0.006,0.033,0.032,0.041
0.006,0.033,0.032,0.041
0.006,0.033,0.031,0.041
0.006,0.033,0.031,0.041
0.006,0.033,0.031,0.041
0.006,0.033,0.031,0.041
0.006,0.033,0.031,0.041
0.006,0.033,0.031,0.041
0.006,0.033,0.031,0.041
0.006,0.033,0.031,0.041
0.006,0.033,0.031,0.04
0.006,0.033,0.03,0.04
0.007,0.033,0.03,0.04
0.006,0.033,0.03,0.04
0.006,0.033,0.03,0.04
0.006,0.033,0.03,0.04
0.006,0.033,0.03,0.04
0.006,0.033,0.03,0.04
0.006,0.032,0.03,0.04
0.006,0.032,0.03,0.04
0.007,0.032,0.03,0.04
0.007,0.032,0.03,0.04
0.007,0.033,0.031,0.041
0.007,0.033,0.031,0.041
0.007,0.033,0.031,0.041
0.007,0.033,0.031,0.041
0.007,0.033,0.031,0.041
0.007,0.033,0.031,0.041
0.007,0.033,0.031,0.041
0.007,0.033,0.032,0.041
0.007,0.033,0.032,0.041
0.007,0.033,0.032,0.041
0.008,0.033,0.032,0.041
0.008,0.033,0.032,0.041
0.008,0.033,0.033,0.041
0.008,0.033,0.033,0.041
0.008,0.033,0.033,0.041
0.008,0.033,0.032,0.041
0.008,0.033,0.033,0.041
0.008,0.033,0.033,0.041
0.008,0.033,0.033,0.041
0.008,0.033,0.033,0.041
0.008,0.033,0.033,0.041
0.008,0.033,0.033,0.042
0.009,0.033,0.033,0.042
0.009,0.033,0.033,0.042
0.009,0.033,0.033,0.041
0.009,0.033,0.033,0.041
0.009,0.033,0.033,0.042
0.009,0.033,0.033,0.041
0.009,0.033,0.033,0.041
0.009,0.033,0.032,0.041
0.009,0.033,0.032,0.041
0.009,0.033,0.033,0.041
0.009,0.033,0.033,0.041
0.009,0.033,0.033,0.042
0.009,0.033,0.033,0.042
0.009,0.033,0.033,0.041
0.009,0.033,0.033,0.042
0.009,0.032,0.033,0.042
0.009,0.032,0.033,0.041
0.009,0.032,0.033,0.041
0.009,0.032,0.032,0.041
0.009,0.032,0.032,0.041
0.009,0.032,0.032,0.041
0.009,0.032,0.032,0.041
0.009,0.032,0.032,0.041
0.009,0.032,0.032,0.041
0.009,0.031,0.032,0.041
0.009,0.031,0.032,0.041
0.009,0.031,0.032,0.041
0.009,0.031,0.032,0.041
0.009,0.031,0.032,0.041
0.009,0.032,0.032,0.041
0.009,0.032,0.032,0.042
0.009,0.032,0.033,0.042
0.009,0.032,0.033,0.042
0.01,0.032,0.033,0.042
0.01,0.033,0.033,0.042
0.01,0.033,0.033,0.043
0.01,0.033,0.033,0.042
0.01,0.033,0.033,0.042
0.01,0.033,0.033,0.042
0.01,0.033,0.033,0.042
0.01,0.033,0.033,0.042
0.01,0.033,0.033,0.042
0.01,0.033,0.033,0.042
0.01,0.033,0.033,0.042
0.01,0.034,0.033,0.043
0.011,0.034,0.033,0.043
0.011,0.034,0.034,0.043
0.011,0.034,0.034,0.043
0.011,0.034,0.034,0.043
0.011,0.034,0.034,0.043
0.011,0.034,0.034,0.043
0.011,0.033,0.034,0.043
0.011,0.033,0.034,0.042
0.01,0.033,0.034,0.042
0.01,0.033,0.034,0.042
0.01,0.033,0.034,0.042
0.01,0.033,0.034,0.042
0.01,0.032,0.034,0.042
0.01,0.032,0.034,0.042
0.01,0.033,0.034,0.042
0.01,0.033,0.034,0.041
0.01,0.033,0.034,0.041
0.01,0.033,0.034,0.041
0.01,0.033,0.034,0.041
0.01,0.033,0.035,0.042
0.011,0.034,0.034,0.042
0.011,0.034,0.035,0.042
0.011,0.034,0.035,0.043
0.011,0.034,0.034,0.043
0.011,0.034,0.034,0.043
0.011,0.034,0.034,0.043
0.011,0.034,0.034,0.042
0.011,0.034,0.033,0.043
0.011,0.034,0.033,0.043
0.011,0.034,0.033,0.042
0.011,0.034,0.033,0.042
0.011,0.033,0.033,0.042
0.011,0.034,0.033,0.043
0.011,0.034,0.034,0.043
0.012,0.034,0.034,0.043
0.012,0.034,0.034,0.043
0.012,0.034,0.034,0.043
0.012,0.034,0.034,0.043
0.012,0.034,0.034,0.043
0.011,0.034,0.034,0.043
0.011,0.033,0.034,0.043
0.011,0.033,0.034,0.043
0.011,0.033,0.034,0.043
0.011,0.033,0.034,0.042
0.01,0.033,0.034,0.042
0.01,0.033,0.034,0.042
0.01,0.033,0.034,0.042
0.01,0.033,0.034,0.042
0.01,0.033,0.034,0.042
0.011,0.033,0.034,0.042
0.011,0.034,0.034,0.043
0.012,0.034,0.035,0.043
0.012,0.034,0.035,0.043
0.012,0.034,0.036,0.044
0.013,0.034,0.036,0.044
0.013,0.034,0.036,0.044
0.013,0.035,0.036,0.044
0.013,0.035,0.035,0.044
0.013,0.034,0.035,0.044
0.013,0.034,0.035,0.044
0.012,0.034,0.035,0.043
0.012,0.033,0.034,0.043
0.012,0.033,0.034,0.043
0.012,0.033,0.034,0.043
0.012,0.033,0.034,0.043
0.012,0.033,0.034,0.043
0.012,0.034,0.034,0.043
0.012,0.034,0.034,0.043
0.012,0.034,0.034,0.044
0.013,0.034,0.035,0.044
0.013,0.035,0.035,0.044
0.013,0.035,0.035,0.044
0.013,0.035,0.035,0.044
0.013,0.035,0.035,0.044
0.013,0.035,0.034,0.044
0.013,0.034,0.034,0.044
0.013,0.034,0.034,0.044
0.013,0.034,0.033,0.043
0.012,0.033,0.033,0.043
0.012,0.033,0.033,0.043
0.012,0.033,0.033,0.044
0.012,0.033,0.033,0.043
0.012,0.033,0.034,0.044
0.012,0.033,0.034,0.044
0.013,0.034,0.035,0.044
0.013,0.034,0.035,0.045
0.014,0.035,0.036,0.045
0.014,0.035,0.036,0.046
0.014,0.035,0.037,0.046
0.014,0.035,0.037,0.046
0.014,0.035,0.037,0.046
0.014,0.035,0.037,0.046
0.014,0.035,0.036,0.046
0.014,0.035,0.036,0.045
0.014,0.034,0.036,0.045
0.014,0.034,0.035,0.044
0.014,0.034,0.035,0.044
0.013,0.034,0.035,0.044
0.013,0.034,0.035,0.044
0.013,0.034,0.035,0.044
0.013,0.034,0.035,0.045
0.014,0.035,0.035,0.045
0.014,0.035,0.036,0.045
0.014,0.035,0.036,0.046
0.015,0.036,0.036,0.046
0.015,0.036,0.037,0.046
0.015,0.036,0.037,0.047
0.015,0.036,0.037,0.047
0.015,0.036,0.037,0.047
0.015,0.036,0.037,0.046
0.015,0.036,0.037,0.046
0.015,0.035,0.037,0.046
0.015,0.035,0.037,0.046
0.015,0.035,0.036,0.046
0.014,0.035,0.036,0.046
0.015,0.035,0.036,0.046
0.015,0.035,0.036,0.046
0.015,0.035,0.036,0.046
0.015,0.035,0.037,0.047
0.015,0.035,0.037,0.047
0.016,0.036,0.037,0.047
0.016,0.036,0.038,0.048
0.016,0.037,0.038,0.048
0.016,0.037,0.038,0.048
0.016,0.037,0.038,0.048
0.016,0.037,0.038,0.048
0.016,0.037,0.037,0.047
0.016,0.036,0.037,0.047
0.015,0.036,0.037,0.046
0.015,0.036,0.036,0.046
0.015,0.035,0.036,0.046
0.015,0.035,0.036,0.045
0.015,0.035,0.036,0.045
0.015,0.035,0.036,0.045
0.015,0.036,0.036,0.046
0.016,0.036,0.036,0.046
0.016,0.037,0.037,0.047
0.016,0.037,0.037,0.047
0.017,0.037,0.037,0.047
0.017,0.038,0.038,0.048
0.018,0.038,0.038,0.048
0.018,0.038,0.038,0.048
0.018,0.038,0.038,0.048
0.018,0.038,0.038,0.048
0.018,0.037,0.039,0.048
0.017,0.037,0.038,0.047
0.017,0.036,0.038,0.047
0.017,0.036,0.038,0.047
0.016,0.035,0.037,0.047
0.016,0.035,0.037,0.046
0.016,0.035,0.037,0.046
0.016,0.035,0.037,0.046
0.016,0.035,0.037,0.047
0.017,0.036,0.037,0.047
0.017,0.036,0.038,0.047
0.018,0.037,0.038,0.048
0.018,0.037,0.039,0.048
0.018,0.038,0.038,0.049
0.018,0.038,0.039,0.049
0.018,0.038,0.039,0.049
0.018,0.038,0.039,0.049
0.018,0.038,0.038,0.049
0.018,0.038,0.038,0.049
0.017,0.038,0.038,0.049
0.017,0.037,0.037,0.048
0.017,0.037,0.037,0.048
0.017,0.037,0.037,0.048
0.016,0.037,0.037,0.048
0.016,0.036,0.037,0.048
0.016,0.036,0.037,0.047
0.017,0.037,0.036,0.047
0.017,0.037,0.037,0.048
0.017,0.037,0.037,0.048
0.017,0.038,0.037,0.048
0.018,0.038,0.038,0.049
0.018,0.039,0.038,0.049
0.018,0.039,0.038,0.049
0.018,0.039,0.039,0.05
0.018,0.039,0.039,0.05
0.018,0.039,0.039,0.05
0.018,0.039,0.039,0.05
0.018,0.039,0.04,0.049
0.018,0.039,0.04,0.049
0.018,0.039,0.04,0.049
0.018,0.038,0.039,0.049
0.018,0.038,0.04,0.049
0.018,0.038,0.04,0.049
0.018,0.039,0.04,0.049
0.019,0.039,0.04,0.05
0.019,0.039,0.041,0.05
0.02,0.039,0.041,0.05
0.02,0.04,0.041,0.051
0.02,0.04,0.041,0.051
0.021,0.04,0.041,0.051
0.021,0.04,0.041,0.051
0.02,0.04,0.041,0.051
0.02,0.04,0.041,0.05
0.02,0.04,0.041,0.05
0.02,0.04,0.041,0.05
0.02,0.039,0.041,0.05
0.02,0.039,0.04,0.05
0.019,0.039,0.04,0.05
0.019,0.039,0.04,0.049
0.019,0.039,0.04,0.05
0.019,0.039,0.041,0.049
0.02,0.039,0.041,0.05
0.02,0.039,0.041,0.05
0.02,0.039,0.041,0.05
0.02,0.04,0.041,0.051
0.02,0.04,0.041,0.051
0.021,0.04,0.041,0.051
0.021,0.04,0.042,0.052
0.021,0.04,0.042,0.052
0.021,0.04,0.042,0.052
0.021,0.04,0.042,0.052
0.021,0.04,0.041,0.052
0.02,0.04,0.041,0.051
0.02,0.04,0.041,0.051
0.02,0.04,0.041,0.051
0.02,0.04,0.041,0.051
0.02,0.04,0.041,0.052
0.02,0.041,0.041,0.052
0.02,0.041,0.042,0.052
0.021,0.041,0.042,0.053
0.021,0.041,0.042,0.053
0.021,0.041,0.042,0.053
0.021,0.041,0.043,0.053
0.022,0.041,0.044,0.054
0.022,0.042,0.044,0.054
0.023,0.042,0.044,0.054
0.023,0.042,0.044,0.054
0.023,0.042,0.044,0.054
0.022,0.042,0.044,0.054
0.022,0.041,0.044,0.054
0.022,0.041,0.043,0.053
0.022,0.041,0.043,0.053
0.022,0.041,0.042,0.053
0.022,0.041,0.043,0.053
0.022,0.041,0.043,0.053
0.022,0.041,0.043,0.052
0.022,0.041,0.043,0.053
0.022,0.042,0.043,0.053
0.022,0.042,0.043,0.053
0.022,0.043,0.044,0.054
0.023,0.043,0.044,0.054
2.5,2.5,2.5,2.5
2.5,2.5,2.5,2.5
2.5,2.5,2.5,2.5
2.5,2.5,2.5,2.5
2.5,2.5,2.5,2.5
2.5,2.5,2.5,2.5
2.5,2.5,2.5,2.5
2.5,2.5,2.5,2.5
2.5,2.5,2.5,2.5
2.5,2.5,2.5,2.5
2.5,2.5,2.5,2.5
2.5,2.5,2.5,2.5
2.5,2.5,2.5,2.5
2.5,2.5,2.5,2.5
2.5,2.5,2.5,2.5
2.5,2.5,2.5,2.5
2.5,2.5,2.5,2.5
2.5,2.5,2.5,2.5
2.5,2.5,2.5,2.5
2.5,2.5,2.5,2.5
2.5,2.5,2.5,2.5
2.5,2.5,2.5,2.5
2.5,2.5,2.5,2.5
2.5,2.5,2.5,2.5
2.5,2.5,2.5,2.5
2.5,2.5,2.5,2.5
2.5,2.5,2.5,2.5
2.5,2.5,2.5,2.5
2.5,2.5,2.5,2.5
2.5,2.5,2.5,2.5
2.5,2.5,2.5,2.5
2.5,2.5,2.5,2.5
2.5,2.5,2.5,2.5
2.5,2.5,2.5,2.5
2.5,2.5,2.5,2.5
2.5,2.5,2.5,2.5
2.5,2.5,2.5,2.5
2.5,2.5,2.5,2.5
2.5,2.5,2.5,2.5
2.5,2.5,2.5,2.5
2.5,2.5,2.5,2.5
2.5,2.5,2.5,2.5
2.5,2.5,2.5,2.5
2.5,2.5,2.5,2.5
2.5,2.5,2.5,2.5
2.5,2.5,2.5,2.5
2.5,2.5,2.5,2.5
2.5,2.5,2.5,2.5
2.5,2.5,2.5,2.5
2.5,2.5,2.5,2.5
2.5,2.5,2.5,2.5
2.5,2.5,2.5,2.5
2.5,2.5,2.5,2.5
2.5,2.5,2.5,2.5
2.5,2.5,2.5,2.5
2.5,2.5,2.5,2.5
2.5,2.5,2.5,2.5
2.5,2.5,2.5,2.5
2.5,2.5,2.5,2.5
2.5,2.5,2.5,2.5
2.5,2.5,2.5,2.5
2.5,2.5,2.5,2.5
2.5,2.5,2.5,2.5
2.5,2.5,2.5,2.5
2.5,2.5,2.5,2.5
2.5,2.5,2.5,2.5
2.5,2.5,2.5,2.5
2.5,2.5,2.5,2.5
2.5,2.5,2.5,2.5
2.5,2.5,2.5,2.5
2.5,2.5,2.5,2.5
2.5,2.5,2.5,2.5
2.5,2.5,2.5,2.5
2.5,2.5,2.5,2.5
2.5,2.5,2.5,2.5
2.5,2.5,2.5,2.5
2.5,2.5,2.5,2.5
2.5,2.5,2.5,2.5
2.5,2.5,2.5,2.5
2.5,2.5,2.5,2.5
2.5,2.5,2.5,2.5
2.5,2.5,2.5,2.5
2.5,2.5,2.5,2.5
2.5,2.5,2.5,2.5
2.5,2.5,2.5,2.5
2.5,2.5,2.5,2.5
2.5,2.5,2.5,2.5
2.5,2.5,2.5,2.5
2.5,2.5,2.5,2.5
2.5,2.5,2.5,2.5
2.5,2.5,2.5,2.5
2.5,2.5,2.5,2.5
2.5,2.5,2.5,2.5
2.5,2.5,2.5,2.5
2.5,2.5,2.5,2.5
2.5,2.5,2.5,2.5
2.5,2.5,2.5,2.5
2.5,2.5,2.5,2.5
2.5,2.5,2.5,2.5
2.5,2.5,2.5,2.5
2.5,2.5,2.5,2.5
2.5,2.5,2.5,2.5
2.5,2.5,2.5,2.5
2.5,2.5,2.5,2.5
2.5,2.5,2.5,2.5
2.5,2.5,2.5,2.5
2.5,2.5,2.5,2.5
2.5,2.5,2.5,2.5
2.5,2.5,2.5,2.5
2.5,2.5,2.5,2.5
2.5,2.5,2.5,2.5
2.5,2.5,2.5,2.5
2.5,2.5,2.5,2.5
2.5,2.5,2.5,2.5
2.5,2.5,2.5,2.5
2.5,2.5,2.5,2.5
2.5,2.5,2.5,2.5
2.5,2.5,2.5,2.5
2.5,2.5,2.5,2.5
2.5,2.5,2.5,2.5
2.5,2.5,2.5,2.5
2.5,2.5,2.5,2.5
2.5,2.5,2.5,2.5
2.5,2.5,2.5,2.5
2.5,2.5,2.5,2.5
2.5,2.5,2.5,2.5
2.5,2.5,2.5,2.5
2.5,2.5,2.5,2.5
2.5,2.5,2.5,2.5
2.5,2.5,2.5,2.5
2.5,2.5,2.5,2.5
2.5,2.5,2.5,2.5
2.5,2.5,2.5,2.5
2.5,2.5,2.5,2.5
2.5,2.5,2.5,2.5
2.5,2.5,2.5,2.5
2.5,2.5,2.5,2.5
2.5,2.5,2.5,2.5
2.5,2.5,2.5,2.5
2.5,2.5,2.5,2.5
2.5,2.5,2.5,2.5
2.5,2.5,2.5,2.5
2.5,2.5,2.5,2.5
2.5,2.5,2.5,2.5
2.5,2.5,2.5,2.5
2.5,2.5,2.5,2.5
2.5,2.5,2.5,2.5
2.5,2.5,2.5,2.5
2.5,2.5,2.5,2.5
2.5,2.5,2.5,2.5
2.5,2.5,2.5,2.5
2.5,2.5,2.5,2.5
2.5,2.5,2.5,2.5
2.5,2.5,2.5,2.5
2.5,2.5,2.5,2.5
2.5,2.5,2.5,2.5
2.5,2.5,2.5,2.5
2.5,2.5,2.5,2.5
2.5,2.5,2.5,2.5
2.5,2.5,2.5,2.5
2.5,2.5,2.5,2.5
2.5,2.5,2.5,2.5
2.5,2.5,2.5,2.5
2.5,2.5,2.5,2.5
2.5,2.5,2.5,2.5
2.5,2.5,2.5,2.5
2.5,2.5,2.5,2.5
2.5,2.5,2.5,2.5
2.5,2.5,2.5,2.5
2.5,2.5,2.5,2.5
2.5,2.5,2.5,2.5
2.5,2.5,2.5,2.5
2.5,2.5,2.5,2.5
2.5,2.5,2.5,2.5
2.5,2.5,2.5,2.5
2.5,2.5,2.5,2.5
2.5,2.5,2.5,2.5
2.5,2.5,2.5,2.5
2.5,2.5,2.5,2.5
2.5,2.5,2.5,2.5
2.5,2.5,2.5,2.5
2.5,2.5,2.5,2.5
2.5,2.5,2.5,2.5
2.5,2.5,2.5,2.5
2.5,2.5,2.5,2.5
2.5,2.5,2.5,2.5
2.5,2.5,2.5,2.5
2.5,2.5,2.5,2.5
2.5,2.5,2.5,2.5
2.5,2.5,2.5,2.5
2.5,2.5,2.5,2.5
2.5,2.5,2.5,2.5
2.5,2.5,2.5,2.5
2.5,2.5,2.5,2.5
2.5,2.5,2.5,2.5
2.5,2.5,2.5,2.5
2.5,2.5,2.5,2.5
2.5,2.5,2.5,2.5
2.5,2.5,2.5,2.5
2.5,2.5,2.5,2.5
2.5,2.5,2.5,2.5
2.5,2.5,2.5,2.5
2.5,2.5,2.5,2.5
2.5,2.5,2.5,2.5
2.5,2.5,2.5,2.5
2.5,2.5,2.5,2.5
2.5,2.5,2.5,2.5
2.5,2.5,2.5,2.5
2.5,2.5,2.5,2.5
2.5,2.5,2.5,2.5
2.5,2.5,2.5,2.5
2.5,2.5,2.5,2.5
2.5,2.5,2.5,2.5
2.5,2.5,2.5,2.5
2.5,2.5,2.5,2.5
2.5,2.5,2.5,2.5
2.5,2.5,2.5,2.5
2.5,2.5,2.5,2.5
2.5,2.5,2.5,2.5
2.5,2.5,2.5,2.5
2.5,2.5,2.5,2.5
2.5,2.5,2.5,2.5
2.5,2.5,2.5,2.5
2.5,2.5,2.5,2.5
2.5,2.5,2.5,2.5
2.5,2.5,2.5,2.5
2.5,2.5,2.5,2.5
2.5,2.5,2.5,2.5
2.5,2.5,2.5,2.5
2.5,2.5,2.5,2.5
2.5,2.5,2.5,2.5
2.5,2.5,2.5,2.5
2.5,2.5,2.5,2.5
2.5,2.5,2.5,2.5
2.5,2.5,2.5,2.5
2.5,2.5,2.5,2.5
2.5,2.5,2.5,2.5
2.5,2.5,2.5,2.5
2.5,2.5,2.5,2.5
2.5,2.5,2.5,2.5
2.5,2.5,2.5,2.5
2.5,2.5,2.5,2.5
2.5,2.5,2.5,2.5
2.5,2.5,2.5,2.5
2.5,2.5,2.5,2.5
2.5,2.5,2.5,2.5
2.5,2.5,2.5,2.5
2.5,2.5,2.5,2.5
2.5,2.5,2.5,2.5
2.5,2.5,2.5,2.5
2.5,2.5,2.5,2.5
2.5,2.5,2.5,2.5
2.5,2.5,2.5,2.5
2.5,2.5,2.5,2.5
2.5,2.5,2.5,2.5
2.5,2.5,2.5,2.5
2.5,2.5,2.5,2.5
2.5,2.5,2.5,2.5
2.5,2.5,2.5,2.5
2.5,2.5,2.5,2.5
2.5,2.5,2.5,2.5
2.5,2.5,2.5,2.5
2.5,2.5,2.5,2.5
2.5,2.5,2.5,2.5
2.5,2.5,2.5,2.5
2.5,2.5,2.5,2.5
2.5,2.5,2.5,2.5
2.5,2.5,2.5,2.5
2.5,2.5,2.5,2.5
2.5,2.5,2.5,2.5
2.5,2.5,2.5,2.5
2.5,2.5,2.5,2.5
2.5,2.5,2.5,2.5
2.5,2.5,2.5,2.5
2.5,2.5,2.5,2.5
2.5,2.5,2.5,2.5
2.5,2.5,2.5,2.5
2.5,2.5,2.5,2.5
2.5,2.5,2.5,2.5
2.5,2.5,2.5,2.5
2.5,2.5,2.5,2.5
2.5,2.5,2.5,2.5
2.5,2.5,2.5,2.5
2.5,2.5,2.5,2.5
2.5,2.5,2.5,2.5
2.5,2.5,2.5,2.5
2.5,2.5,2.5,2.5
2.5,2.5,2.5,2.5
2.5,2.5,2.5,2.5
2.5,2.5,2.5,2.5
2.5,2.5,2.5,2.5
2.5,2.5,2.5,2.5
2.5,2.5,2.5,2.5
2.5,2.5,2.5,2.5
2.5,2.5,2.5,2.5
2.5,2.5,2.5,2.5
2.5,2.5,2.5,2.5
2.5,2.5,2.5,2.5
2.5,2.5,2.5,2.5
2.5,2.5,2.5,2.5
2.5,2.5,2.5,2.5
2.5,2.5,2.5,2.5
2.5,2.5,2.5,2.5
2.5,2.5,2.5,2.5
2.5,2.5,2.5,2.5
2.5,2.5,2.5,2.5
2.5,2.5,2.5,2.5
2.5,2.5,2.5,2.5
2.5,2.5,2.5,2.5
2.5,2.5,2.5,2.5
2.5,2.5,2.5,2.5
2.5,2.5,2.5,2.5
2.5,2.5,2.5,2.5
2.5,2.5,2.5,2.5
2.5,2.5,2.5,2.5
2.5,2.5,2.5,2.5
2.5,2.5,2.5,2.5
2.5,2.5,2.5,2.5
2.5,2.5,2.5,2.5
2.5,2.5,2.5,2.5
2.5,2.5,2.5,2.5
2.5,2.5,2.5,2.5
2.5,2.5,2.5,2.5
2.5,2.5,2.5,2.5
2.5,2.5,2.5,2.5
2.5,2.5,2.5,2.5
2.5,2.5,2.5,2.5
2.5,2.5,2.5,2.5
2.5,2.5,2.5,2.5
2.5,2.5,2.5,2.5
2.5,2.5,2.5,2.5
2.5,2.5,2.5,2.5
2.5,2.5,2.5,2.5
2.5,2.5,2.5,2.5
2.5,2.5,2.5,2.5
2.5,2.5,2.5,2.5
2.5,2.5,2.5,2.5
2.5,2.5,2.5,2.5
2.5,2.5,2.5,2.5
2.5,2.5,2.5,2.5
2.5,2.5,2.5,2.5
2.5,2.5,2.5,2.5
2.5,2.5,2.5,2.5
2.5,2.5,2.5,2.5
2.5,2.5,2.5,2.5
2.5,2.5,2.5,2.5
2.5,2.5,2.5,2.5
2.5,2.5,2.5,2.5
2.5,2.5,2.5,2.5
2.5,2.5,2.5,2.5
2.5,2.5,2.5,2.5
2.5,2.5,2.5,2.5
2.5,2.5,2.5,2.5
2.5,2.5,2.5,2.5
2.5,2.5,2.5,2.5
2.5,2.5,2.5,2.5
2.5,2.5,2.5,2.5
2.5,2.5,2.5,2.5
2.5,2.5,2.5,2.5
2.5,2.5,2.5,2.5
2.5,2.5,2.5,2.5
2.5,2.5,2.5,2.5
2.5,2.5,2.5,2.5
2.5,2.5,2.5,2.5
2.5,2.5,2.5,2.5
2.5,2.5,2.5,2.5
2.5,2.5,2.5,2.5
2.5,2.5,2.5,2.5
2.5,2.5,2.5,2.5
2.5,2.5,2.5,2.5
2.5,2.5,2.5,2.5
2.5,2.5,2.5,2.5
2.5,2.5,2.5,2.5
2.5,2.5,2.5,2.5
2.5,2.5,2.5,2.5
2.5,2.5,2.5,2.5
2.5,2.5,2.5,2.5
2.5,2.5,2.5,2.5
2.5,2.5,2.5,2.5
2.5,2.5,2.5,2.5
2.5,2.5,2.5,2.5
2.5,2.5,2.5,2.5
2.5,2.5,2.5,2.5
2.5,2.5,2.5,2.5
2.5,2.5,2.5,2.5
2.5,2.5,2.5,2.5
2.5,2.5,2.5,2.5
2.5,2.5,2.5,2.5
2.5,2.5,2.5,2.5
2.5,2.5,2.5,2.5
2.5,2.5,2.5,2.5
2.5,2.5,2.5,2.5
2.5,2.5,2.5,2.5
2.5,2.5,2.5,2.5
2.5,2.5,2.5,2.5
2.5,2.5,2.5,2.5
2.5,2.5,2.5,2.5
2.5,2.5,2.5,2.5
2.5,2.5,2.5,2.5
2.5,2.5,2.5,2.5
2.5,2.5,2.5,2.5
2.5,2.5,2.5,2.5
2.5,2.5,2.5,2.5
2.5,2.5,2.5,2.5
2.5,2.5,2.5,2.5
2.5,2.5,2.5,2.5
2.5,2.5,2.5,2.5
2.5,2.5,2.5,2.5
2.5,2.5,2.5,2.5
2.5,2.5,2.5,2.5
2.5,2.5,2.5,2.5
2.5,2.5,2.5,2.5
2.5,2.5,2.5,2.5
2.5,2.5,2.5,2.5
2.5,2.5,2.5,2.5
2.5,2.5,2.5,2.5
2.5,2.5,2.5,2.5
2.5,2.5,2.5,2.5
2.5,2.5,2.5,2.5
2.5,2.5,2.5,2.5
2.5,2.5,2.5,2.5
2.5,2.5,2.5,2.5
2.5,2.5,2.5,2.5
2.5,2.5,2.5,2.5
2.5,2.5,2.5,2.5
2.5,2.5,2.5,2.5
2.5,2.5,2.5,2.5
2.5,2.5,2.5,2.5
2.5,2.5,2.5,2.5
2.5,2.5,2.5,2.5
2.5,2.5,2.5,2.5
2.5,2.5,2.5,2.5
2.5,2.5,2.5,2.5
2.5,2.5,2.5,2.5
2.5,2.5,2.5,2.5
2.5,2.5,2.5,2.5
2.5,2.5,2.5,2.5
2.5,2.5,2.5,2.5
2.5,2.5,2.5,2.5
2.5,2.5,2.5,2.5
2.5,2.5,2.5,2.5
2.5,2.5,2.5,2.5
2.5,2.5,2.5,2.5
2.5,2.5,2.5,2.5
2.5,2.5,2.5,2.5
2.5,2.5,2.5,2.5
2.5,2.5,2.5,2.5
2.5,2.5,2.5,2.5
2.5,2.5,2.5,2.5
2.5,2.5,2.5,2.5
2.5,2.5,2.5,2.5
2.5,2.5,2.5,2.5
2.5,2.5,2.5,2.5
2.5,2.5,2.5,2.5
2.5,2.5,2.5,2.5
2.5,2.5,2.5,2.5
2.5,2.5,2.5,2.5
2.5,2.5,2.5,2.5
2.5,2.5,2.5,2.5
2.5,2.5,2.5,2.5
2.5,2.5,2.5,2.5
2.5,2.5,2.5,2.5
2.5,2.5,2.5,2.5
2.5,2.5,2.5,2.5
2.5,2.5,2.5,2.5
2.5,2.5,2.5,2.5
2.5,2.5,2.5,2.5
2.5,2.5,2.5,2.5
2.5,2.5,2.5,2.5
2.5,2.5,2.5,2.5
2.5,2.5,2.5,2.5
2.5,2.5,2.5,2.5
2.5,2.5,2.5,2.5
2.5,2.5,2.5,2.5
2.5,2.5,2.5,2.5
2.5,2.5,2.5,2.5
2.5,2.5,2.5,2.5
2.5,2.5,2.5,2.5
2.5,2.5,2.5,2.5
2.5,2.5,2.5,2.5
2.5,2.5,2.5,2.5
2.5,2.5,2.5,2.5
2.5,2.5,2.5,2.5
2.5,2.5,2.5,2.5
2.5,2.5,2.5,2.5
2.5,2.5,2.5,2.5
2.5,2.5,2.5,2.5
2.5,2.5,2.5,2.5
2.5,2.5,2.5,2.5
2.5,2.5,2.5,2.5
2.5,2.5,2.5,2.5
2.5,2.5,2.5,2.5
2.5,2.5,2.5,2.5
2.5,2.5,2.5,2.5
2.5,2.5,2.5,2.5
2.5,2.5,2.5,2.5
2.5,2.5,2.5,2.5
2.5,2.5,2.5,2.5
2.5,2.5,2.5,2.5
2.5,2.5,2.5,2.5
2.5,2.5,2.5,2.5
2.5,2.5,2.5,2.5
2.5,2.5,2.5,2.5
2.5,2.5,2.5,2.5
2.5,2.5,2.5,2.5
2.5,2.5,2.5,2.5
2.5,2.5,2.5,2.5
2.5,2.5,2.5,2.5
2.5,2.5,2.5,2.5
2.5,2.5,2.5,2.5
2.5,2.5,2.5,2.5
2.5,2.5,2.5,2.5
2.5,2.5,2.5,2.5
2.5,2.5,2.5,2.5
2.5,2.5,2.5,2.5
2.5,2.5,2.5,2.5
2.5,2.5,2.5,2.5
2.5,2.5,2.5,2.5
2.5,2.5,2.5,2.5
2.5,2.5,2.5,2.5
2.5,2.5,2.5,2.5
2.5,2.5,2.5,2.5
2.5,2.5,2.5,2.5
2.5,2.5,2.5,2.5
2.5,2.5,2.5,2.5
2.5,2.5,2.5,2.5
2.5,2.5,2.5,2.5
2.5,2.5,2.5,2.5
2.5,2.5,2.5,2.5
2.5,2.5,2.5,2.5
2.5,2.5,2.5,2.5
2.5,2.5,2.5,2.5
2.5,2.5,2.5,2.5
2.5,2.5,2.5,2.5
2.5,2.5,2.5,2.5
2.5,2.5,2.5,2.5
2.5,2.5,2.5,2.5
2.5,2.5,2.5,2.5
2.5,2.5,2.5,2.5
2.5,2.5,2.5,2.5
2.5,2.5,2.5,2.5
2.5,2.5,2.5,2.5
2.5,2.5,2.5,2.5
2.5,2.5,2.5,2.5
2.5,2.5,2.5,2.5
2.5,2.5,2.5,2.5
2.5,2.5,2.5,2.5
2.5,2.5,2.5,2.5
2.5,2.5,2.5,2.5
2.5,2.5,2.5,2.5
2.5,2.5,2.5,2.5
2.5,2.5,2.5,2.5
2.5,2.5,2.5,2.5
2.5,2.5,2.5,2.5
2.5,2.5,2.5,2.5
2.5,2.5,2.5,2.5
2.5,2.5,2.5,2.5
2.5,2.5,2.5,2.5
2.5,2.5,2.5,2.5
2.5,2.5,2.5,2.5
2.5,2.5,2.5,2.5
2.5,2.5,2.5,2.5
2.5,2.5,2.5,2.5
2.5,2.5,2.5,2.5
2.5,2.5,2.5,2.5
2.5,2.5,2.5,2.5
2.5,2.5,2.5,2.5
2.5,2.5,2.5,2.5
2.5,2.5,2.5,2.5
2.5,2.5,2.5,2.5
2.5,2.5,2.5,2.5
2.5,2.5,2.5,2.5
2.5,2.5,2.5,2.5
2.5,2.5,2.5,2.5
2.5,2.5,2.5,2.5
2.5,2.5,2.5,2.5
2.5,2.5,2.5,2.5
2.5,2.5,2.5,2.5
2.5,2.5,2.5,2.5
2.5,2.5,2.5,2.5
2.5,2.5,2.5,2.5
2.5,2.5,2.5,2.5
2.5,2.5,2.5,2.5
2.5,2.5,2.5,2.5
2.5,2.5,2.5,2.5
2.5,2.5,2.5,2.5
2.5,2.5,2.5,2.5
2.5,2.5,2.5,2.5
2.5,2.5,2.5,2.5
2.5,2.5,2.5,2.5
2.5,2.5,2.5,2.5
2.5,2.5,2.5,2.5
2.5,2.5,2.5,2.5
2.5,2.5,2.5,2.5
2.5,2.5,2.5,2.5
2.5,2.5,2.5,2.5
2.5,2.5,2.5,2.5
2.5,2.5,2.5,2.5
2.5,2.5,2.5,2.5
2.5,2.5,2.5,2.5
2.5,2.5,2.5,2.5
2.5,2.5,2.5,2.5
2.5,2.5,2.5,2.5
2.5,2.5,2.5,2.5
2.5,2.5,2.5,2.5
2.5,2.5,2.5,2.5
2.5,2.5,2.5,2.5
2.5,2.5,2.5,2.5
2.5,2.5,2.5,2.5
2.5,2.5,2.5,2.5
2.5,2.5,2.5,2.5
2.5,2.5,2.5,2.5
2.5,2.5,2.5,2.5
2.5,2.5,2.5,2.5
2.5,2.5,2.5,2.5
2.5,2.5,2.5,2.5
2.5,2.5,2.5,2.5
2.5,2.5,2.5,2.5
2.5,2.5,2.5,2.5
2.5,2.5,2.5,2.5
2.5,2.5,2.5,2.5
2.5,2.5,2.5,2.5
2.5,2.5,2.5,2.5
2.5,2.5,2.5,2.5
2.5,2.5,2.5,2.5
2.5,2.5,2.5,2.5
2.5,2.5,2.5,2.5
2.5,2.5,2.5,2.5
2.5,2.5,2.5,2.5
2.5,2.5,2.5,2.5
2.5,2.5,2.5,2.5
2.5,2.5,2.5,2.5
2.5,2.5,2.5,2.5
2.5,2.5,2.5,2.5
2.5,2.5,2.5,2.5
2.5,2.5,2.5,2.5
2.5,2.5,2.5,2.5
2.5,2.5,2.5,2.5
2.5,2.5,2.5,2.5
2.5,2.5,2.5,2.5
2.5,2.5,2.5,2.5
2.5,2.5,2.5,2.5
2.5,2.5,2.5,2.5
2.5,2.5,2.5,2.5
2.5,2.5,2.5,2.5
2.5,2.5,2.5,2.5
2.5,2.5,2.5,2.5
2.5,2.5,2.5,2.5
2.5,2.5,2.5,2.5
2.5,2.5,2.5,2.5
2.5,2.5,2.5,2.5
2.5,2.5,2.5,2.5
2.5,2.5,2.5,2.5
2.5,2.5,2.5,2.5
2.5,2.5,2.5,2.5
2.5,2.5,2.5,2.5
2.5,2.5,2.5,2.5
2.5,2.5,2.5,2.5
2.5,2.5,2.5,2.5
2.5,2.5,2.5,2.5
2.5,2.5,2.5,2.5
2.5,2.5,2.5,2.5
2.5,2.5,2.5,2.5
2.5,2.5,2.5,2.5
2.5,2.5,2.5,2.5
2.5,2.5,2.5,2.5
2.5,2.5,2.5,2.5
2.5,2.5,2.5,2.5
2.5,2.5,2.5,2.5
2.5,2.5,2.5,2.5
2.5,2.5,2.5,2.5
2.5,2.5,2.5,2.5
2.5,2.5,2.5,2.5
2.5,2.5,2.5,2.5
2.5,2.5,2.5,2.5
2.5,2.5,2.5,2.5
2.5,2.5,2.5,2.5
2.5,2.5,2.5,2.5
2.5,2.5,2.5,2.5
2.5,2.5,2.5,2.5
2.5,2.5,2.5,2.5
2.5,2.5,2.5,2.5
2.5,2.5,2.5,2.5
2.5,2.5,2.5,2.5
2.5,2.5,2.5,2.5
2.5,2.5,2.5,2.5
2.5,2.5,2.5,2.5
2.5,2.5,2.5,2.5
2.5,2.5,2.5,2.5
2.5,2.5,2.5,2.5
2.5,2.5,2.5,2.5
2.5,2.5,2.5,2.5
2.5,2.5,2.5,2.5
2.5,2.5,2.5,2.5
2.5,2.5,2.5,2.5
2.5,2.5,2.5,2.5
2.5,2.5,2.5,2.5
2.5,2.5,2.5,2.5
2.5,2.5,2.5,2.5
2.5,2.5,2.5,2.5
2.5,2.5,2.5,2.5
2.5,2.5,2.5,2.5
2.5,2.5,2.5,2.5
2.5,2.5,2.5,2.5
2.5,2.5,2.5,2.5
2.5,2.5,2.5,2.5
2.5,2.5,2.5,2.5
2.5,2.5,2.5,2.5
2.5,2.5,2.5,2.5
2.5,2.5,2.5,2.5
2.5,2.5,2.5,2.5
2.5,2.5,2.5,2.5
2.5,2.5,2.5,2.5
2.5,2.5,2.5,2.5
2.5,2.5,2.5,2.5
2.5,2.5,2.5,2.5
2.5,2.5,2.5,2.5
2.5,2.5,2.5,2.5
2.5,2.5,2.5,2.5
2.5,2.5,2.5,2.5
2.5,2.5,2.5,2.5
2.5,2.5,2.5,2.5
2.5,2.5,2.5,2.5
2.5,2.5,2.5,2.5
2.5,2.5,2.5,2.5
2.5,2.5,2.5,2.5
2.5,2.5,2.5,2.5
2.5,2.5,2.5,2.5
2.5,2.5,2.5,2.5
2.5,2.5,2.5,2.5
2.5,2.5,2.5,2.5
2.5,2.5,2.5,2.5
2.5,2.5,2.5,2.5
2.5,2.5,2.5,2.5
2.5,2.5,2.5,2.5
2.5,2.5,2.5,2.5
2.5,2.5,2.5,2.5
2.5,2.5,2.5,2.5
2.5,2.5,2.5,2.5
2.5,2.5,2.5,2.5
2.5,2.5,2.5,2.5
2.5,2.5,2.5,2.5
2.5,2.5,2.5,2.5
2.5,2.5,2.5,2.5
2.5,2.5,2.5,2.5
2.5,2.5,2.5,2.5
2.5,2.5,2.5,2.5
2.5,2.5,2.5,2.5
2.5,2.5,2.5,2.5
2.5,2.5,2.5,2.5
2.5,2.5,2.5,2.5
2.5,2.5,2.5,2.5
2.5,2.5,2.5,2.5
2.5,2.5,2.5,2.5
2.5,2.5,2.5,2.5
2.5,2.5,2.5,2.5
2.5,2.5,2.5,2.5
2.5,2.5,2.5,2.5
2.5,2.5,2.5,2.5
2.5,2.5,2.5,2.5
2.5,2.5,2.5,2.5
2.5,2.5,2.5,2.5
2.5,2.5,2.5,2.5
2.5,2.5,2.5,2.5
2.5,2.5,2.5,2.5
2.5,2.5,2.5,2.5
2.5,2.5,2.5,2.5
2.5,2.5,2.5,2.5
2.5,2.5,2.5,2.5
2.5,2.5,2.5,2.5
2.5,2.5,2.5,2.5
2.5,2.5,2.5,2.5
2.5,2.5,2.5,2.5
2.5,2.5,2.5,2.5
2.5,2.5,2.5,2.5
2.5,2.5,2.5,2.5
2.5,2.5,2.5,2.5
2.5,2.5,2.5,2.5
2.5,2.5,2.5,2.5
2.5,2.5,2.5,2.5
2.5,2.5,2.5,2.5
2.5,2.5,2.5,2.5
2.5,2.5,2.5,2.5
2.5,2.5,2.5,2.5
2.5,2.5,2.5,2.5
2.5,2.5,2.5,2.5
2.5,2.5,2.5,2.5
2.5,2.5,2.5,2.5
2.5,2.5,2.5,2.5
2.5,2.5,2.5,2.5
2.5,2.5,2.5,2.5
2.5,2.5,2.5,2.5
2.5,2.5,2.5,2.5
2.5,2.5,2.5,2.5
2.5,2.5,2.5,2.5
2.5,2.5,2.5,2.5
2.5,2.5,2.5,2.5
2.5,2.5,2.5,2.5
2.5,2.5,2.5,2.5
2.5,2.5,2.5,2.5
2.5,2.5,2.5,2.5
2.5,2.5,2.5,2.5
2.5,2.5,2.5,2.5
2.5,2.5,2.5,2.5
2.5,2.5,2.5,2.5
2.5,2.5,2.5,2.5
2.5,2.5,2.5,2.5
2.5,2.5,2.5,2.5
2.5,2.5,2.5,2.5
2.5,2.5,2.5,2.5
2.5,2.5,2.5,2.5
2.5,2.5,2.5,2.5
2.5,2.5,2.5,2.5
2.5,2.5,2.5,2.5
2.5,2.5,2.5,2.5
2.5,2.5,2.5,2.5
2.5,2.5,2.5,2.5
2.5,2.5,2.5,2.5
2.5,2.5,2.5,2.5
2.5,2.5,2.5,2.5
2.5,2.5,2.5,2.5
2.5,2.5,2.5,2.5
2.5,2.5,2.5,2.5
2.5,2.5,2.5,2.5
2.5,2.5,2.5,2.5
2.5,2.5,2.5,2.5
2.5,2.5,2.5,2.5
2.5,2.5,2.5,2.5
2.5,2.5,2.5,2.5
2.5,2.5,2.5,2.5
2.5,2.5,2.5,2.5
2.5,2.5,2.5,2.5
2.5,2.5,2.5,2.5
2.5,2.5,2.5,2.5
2.5,2.5,2.5,2.5
2.5,2.5,2.5,2.5
2.5,2.5,2.5,2.5
2.5,2.5,2.5,2.5
2.5,2.5,2.5,2.5
2.5,2.5,2.5,2.5
2.5,2.5,2.5,2.5
2.5,2.5,2.5,2.5
2.5,2.5,2.5,2.5
2.5,2.5,2.5,2.5
2.5,2.5,2.5,2.5
2.5,2.5,2.5,2.5
2.5,2.5,2.5,2.5
2.5,2.5,2.5,2.5
2.5,2.5,2.5,2.5
2.5,2.5,2.5,2.5
2.5,2.5,2.5,2.5
2.5,2.5,2.5,2.5
2.5,2.5,2.5,2.5
2.5,2.5,2.5,2.5
2.5,2.5,2.5,2.5
2.5,2.5,2.5,2.5
2.5,2.5,2.5,2.5
2.5,2.5,2.5,2.5
2.5,2.5,2.5,2.5
2.5,2.5,2.5,2.5
2.5,2.5,2.5,2.5
2.5,2.5,2.5,2.5
2.5,2.5,2.5,2.5
2.5,2.5,2.5,2.5
2.5,2.5,2.5,2.5
2.5,2.5,2.5,2.5
2.5,2.5,2.5,2.5
2.5,2.5,2.5,2.5
2.5,2.5,2.5,2.5
2.5,2.5,2.5,2.5
2.5,2.5,2.5,2.5
2.5,2.5,2.5,2.5
2.5,2.5,2.5,2.5
2.5,2.5,2.5,2.5
2.5,2.5,2.5,2.5
2.5,2.5,2.5,2.5
2.5,2.5,2.5,2.5
2.5,2.5,2.5,2.5
2.5,2.5,2.5,2.5
2.5,2.5,2.5,2.5
2.5,2.5,2.5,2.5
2.5,2.5,2.5,2.5
2.5,2.5,2.5,2.5
2.5,2.5,2.5,2.5
2.5,2.5,2.5,2.5
2.5,2.5,2.5,2.5
2.5,2.5,2.5,2.5
2.5,2.5,2.5,2.5
2.5,2.5,2.5,2.5
2.5,2.5,2.5,2.5
2.5,2.5,2.5,2.5
2.5,2.5,2.5,2.5
2.5,2.5,2.5,2.5
2.5,2.5,2.5,2.5
2.5,2.5,2.5,2.5
2.5,2.5,2.5,2.5
2.5,2.5,2.5,2.5
2.5,2.5,2.5,2.5
2.5,2.5,2.5,2.5
2.5,2.5,2.5,2.5
2.5,2.5,2.5,2.5
2.5,2.5,2.5,2.5
2.5,2.5,2.5,2.5
2.5,2.5,2.5,2.5
2.5,2.5,2.5,2.5
2.5,2.5,2.5,2.5
2.5,2.5,2.5,2.5
2.5,2.5,2.5,2.5
2.5,2.5,2.5,2.5
2.5,2.5,2.5,2.5
2.5,2.5,2.5,2.5
2.5,2.5,2.5,2.5
2.5,2.5,2.5,2.5
2.5,2.5,2.5,2.5
2.5,2.5,2.5,2.5
2.5,2.5,2.5,2.5
2.5,2.5,2.5,2.5
2.5,2.5,2.5,2.5
2.5,2.5,2.5,2.5
2.5,2.5,2.5,2.5
2.5,2.5,2.5,2.5
2.5,2.5,2.5,2.5
2.5,2.5,2.5,2.5
2.5,2.5,2.5,2.5
2.5,2.5,2.5,2.5
2.5,2.5,2.5,2.5
2.5,2.5,2.5,2.5
2.5,2.5,2.5,2.5
2.5,2.5,2.5,2.5
2.5,2.5,2.5,2.5
2.5,2.5,2.5,2.5
2.5,2.5,2.5,2.5
2.5,2.5,2.5,2.5
2.5,2.5,2.5,2.5
2.5,2.5,2.5,2.5
2.5,2.5,2.5,2.5
2.5,2.5,2.5,2.5
2.5,2.5,2.5,2.5
2.5,2.5,2.5,2.5
2.5,2.5,2.5,2.5
2.5,2.5,2.5,2.5
2.5,2.5,2.5,2.5
2.5,2.5,2.5,2.5
2.5,2.5,2.5,2.5
2.5,2.5,2.5,2.5
2.5,2.5,2.5,2.5
2.5,2.5,2.5,2.5
2.5,2.5,2.5,2.5
2.5,2.5,2.5,2.5
2.5,2.5,2.5,2.5
2.5,2.5,2.5,2.5
2.5,2.5,2.5,2.5
2.5,2.5,2.5,2.5
2.5,2.5,2.5,2.5
2.5,2.5,2.5,2.5
2.5,2.5,2.5,2.5
2.5,2.5,2.5,2.5
2.5,2.5,2.5,2.5
2.5,2.5,2.5,2.5
2.5,2.5,2.5,2.5
2.5,2.5,2.5,2.5
2.5,2.5,2.5,2.5
2.5,2.5,2.5,2.5
2.5,2.5,2.5,2.5
2.5,2.5,2.5,2.5
2.5,2.5,2.5,2.5
2.5,2.5,2.5,2.5
2.5,2.5,2.5,2.5
2.5,2.5,2.5,2.5
2.5,2.5,2.5,2.5
2.5,2.5,2.5,2.5
2.5,2.5,2.5,2.5
2.5,2.5,2.5,2.5
2.5,2.5,2.5,2.5
2.5,2.5,2.5,2.5
2.5,2.5,2.5,2.5
2.5,2.5,2.5,2.5
2.5,2.5,2.5,2.5
2.5,2.5,2.5,2.5
2.5,2.5,2.5,2.5
2.5,2.5,2.5,2.5
2.5,2.5,2.5,2.5
2.5,2.5,2.5,2.5
2.5,2.5,2.5,2.5
2.5,2.5,2.5,2.5
2.5,2.5,2.5,2.5
2.5,2.5,2.5,2.5
2.5,2.5,2.5,2.5
2.5,2.5,2.5,2.5
2.5,2.5,2.5,2.5
2.5,2.5,2.5,2.5
2.5,2.5,2.5,2.5
2.5,2.5,2.5,2.5
2.5,2.5,2.5,2.5
2.5,2.5,2.5,2.5
2.5,2.5,2.5,2.5
2.5,2.5,2.5,2.5
2.5,2.5,2.5,2.5
2.5,2.5,2.5,2.5
2.5,2.5,2.5,2.5
2.5,2.5,2.5,2.5
2.5,2.5,2.5,2.5
2.5,2.5,2.5,2.5
2.5,2.5,2.5,2.5
2.5,2.5,2.5,2.5
2.5,2.5,2.5,2.5
2.5,2.5,2.5,2.5
2.5,2.5,2.5,2.5
2.5,2.5,2.5,2.5
2.5,2.5,2.5,2.5
2.5,2.5,2.5,2.5
2.5,2.5,2.5,2.5
2.5,2.5,2.5,2.5
2.5,2.5,2.5,2.5
2.5,2.5,2.5,2.5
2.5,2.5,2.5,2.5
2.5,2.5,2.5,2.5
2.5,2.5,2.5,2.5
2.5,2.5,2.5,2.5
2.5,2.5,2.5,2.5
2.5,2.5,2.5,2.5
2.5,2.5,2.5,2.5
2.5,2.5,2.5,2.5
2.5,2.5,2.5,2.5
2.5,2.5,2.5,2.5
2.5,2.5,2.5,2.5
2.5,2.5,2.5,2.5
2.5,2.5,2.5,2.5