1,2,3,4
2.5,2.5,2.5,2.5
2.5,2.5,2.5,2.5
2.5,2.5,2.5,2.5
0,0,0,0
2.5,2.5,2.5,2.5
2.5,2.5,2.5,2.5
2.5,2.5,2.5,2.5
2.5,2.5,2.5,2.5
0,0,0,0
0,0,0,0
0,0,0,0
0,0,0,0
0,0,0,0
0,0,0,0
0,0,0,0
0,0,0,0
0,0,0,0
0,0,0,0
0,0,0,0
0,0,0,0
0,0,0,0
0,0,0,0
0,0,0,0
2.5,2.5,2.5,2.5
2.5,2.5,2.5,2.5
2.5,2.5,2.5,2.5
2.5,2.5,2.5,2.5
2.5,2.5,2.5,2.5
2.5,2.5,2.5,2.5
2.5,2.5,2.5,2.5
2.5,2.5,2.5,2.5
2.5,2.5,2.5,2.5
2.5,2.5,2.5,2.5
2.5,2.5,2.5,2.5
2.5,2.5,2.5,2.5
2.5,2.5,2.5,2.5
2.5,2.5,2.5,2.5
2.5,2.5,2.5,2.5
2.5,2.5,2.5,1.324
2.5,2.5,2.5,1.018
2.5,2.5,2.5,0.965
2.5,2.5,2.5,0.832
2.5,2.5,2.5,0.917
2.5,2.5,2.5,0.975
2.5,2.5,2.5,0.851
2.5,2.5,2.5,0.876
2.5,2.5,2.5,0.823
2.5,2.5,2.5,0.965
2.5,2.5,2.5,1.065
2.5,2.5,2.5,1.104
2.5,2.5,2.5,1.093
2.5,2.5,2.5,1.054
2.5,2.5,2.5,0.953
2.5,2.5,2.5,0.903
2.5,2.5,2.5,0.87
2.5,2.5,2.5,0.843
2.5,2.5,2.5,0.78
2.5,2.5,2.5,0.777
2.5,2.5,2.5,0.777
2.5,2.5,2.5,0.791
2.5,2.5,2.5,0.744
2.5,2.5,2.5,0.72
2.5,2.5,2.5,0.674
2.5,2.5,2.288,0.636
2.5,2.5,2.123,0.615
2.5,2.5,1.915,0.605
2.5,2.5,1.873,0.59
2.5,2.5,1.809,0.586
2.5,2.5,1.673,0.576
2.5,2.5,1.925,0.572
2.5,2.5,1.757,0.553
2.5,2.5,1.837,0.549
2.5,2.5,1.694,0.527
2.5,2.5,1.591,0.517
2.5,2.5,1.461,0.503
2.5,2.5,1.414,0.49
2.5,2.5,1.335,0.478
2.5,2.473,1.316,0.47
2.5,2.5,1.308,0.461
2.5,2.075,1.272,0.453
2.5,2.087,1.247,0.448
2.5,1.87,1.18,0.443
2.5,2.017,1.158,0.438
2.5,1.964,1.112,0.429
2.5,1.991,1.087,0.424
2.5,2.002,1.073,0.42
2.5,2.026,1.032,0.415
2.5,1.981,1.008,0.412
2.5,2.036,0.989,0.412
2.5,2.13,0.974,0.413
2.5,2.073,0.958,0.409
2.5,2.139,0.938,0.411
2.5,2.177,0.934,0.41
2.5,2.17,0.929,0.41
2.5,1.959,0.916,0.408
2.5,1.843,0.897,0.408
2.5,1.865,0.886,0.408
2.5,1.766,0.874,0.409
2.5,1.64,0.858,0.405
2.5,1.617,0.851,0.404
2.5,1.581,0.843,0.403
2.5,1.574,0.84,0.403
2.5,1.521,0.829,0.403
2.5,1.492,0.822,0.403
2.5,1.471,0.813,0.404
2.5,1.445,0.808,0.405
2.5,1.431,0.802,0.405
2.402,1.423,0.799,0.404
2.5,1.434,0.801,0.405
2.493,1.411,0.799,0.407
2.357,1.392,0.791,0.407
2.349,1.389,0.791,0.409
2.311,1.384,0.793,0.41
2.313,1.378,0.796,0.411
2.247,1.361,0.798,0.411
2.29,1.367,0.801,0.413
2.294,1.37,0.804,0.414
2.281,1.355,0.803,0.415
2.26,1.349,0.801,0.415
2.179,1.343,0.798,0.415
2.213,1.354,0.801,0.415
2.236,1.352,0.8,0.415
2.184,1.349,0.798,0.414
2.197,1.35,0.798,0.416
2.169,1.339,0.797,0.417
2.142,1.334,0.795,0.418
2.073,1.327,0.793,0.419
2.041,1.327,0.793,0.42
1.959,1.309,0.79,0.419
1.948,1.308,0.789,0.419
1.914,1.297,0.786,0.418
1.939,1.295,0.787,0.419
1.922,1.29,0.785,0.419
1.89,1.277,0.785,0.419
1.878,1.281,0.783,0.419
1.873,1.277,0.785,0.419
1.86,1.274,0.786,0.42
1.846,1.269,0.787,0.421
1.821,1.266,0.787,0.421
1.812,1.268,0.787,0.421
1.805,1.272,0.788,0.422
1.795,1.275,0.789,0.423
1.785,1.28,0.791,0.424
1.781,1.282,0.793,0.425
1.782,1.287,0.795,0.427
1.777,1.289,0.796,0.428
1.766,1.289,0.797,0.429
1.765,1.289,0.799,0.431
1.754,1.287,0.799,0.432
1.755,1.294,0.801,0.433
1.74,1.293,0.802,0.434
1.738,1.295,0.802,0.435
1.728,1.289,0.802,0.435
1.734,1.292,0.803,0.436
1.733,1.289,0.804,0.437
1.743,1.292,0.806,0.439
1.74,1.293,0.807,0.44
1.741,1.296,0.809,0.442
1.749,1.302,0.811,0.443
1.75,1.3,0.813,0.444
1.751,1.302,0.815,0.446
1.752,1.307,0.818,0.447
1.755,1.311,0.82,0.448
1.766,1.317,0.823,0.45
1.768,1.324,0.826,0.451
1.768,1.328,0.829,0.453
1.768,1.33,0.832,0.454
1.772,1.332,0.834,0.456
1.774,1.337,0.836,0.457
1.775,1.339,0.839,0.458
1.772,1.34,0.841,0.459
1.779,1.345,0.844,0.46
1.781,1.346,0.846,0.462
1.788,1.351,0.849,0.464
1.788,1.354,0.852,0.465
1.797,1.358,0.855,0.468
1.8,1.359,0.857,0.469
1.812,1.366,0.861,0.472
1.822,1.372,0.866,0.474
1.835,1.379,0.871,0.477
1.841,1.385,0.874,0.479
1.849,1.392,0.878,0.481
1.858,1.397,0.883,0.484
1.867,1.405,0.886,0.487
1.879,1.416,0.891,0.49
1.886,1.427,0.895,0.492
1.896,1.436,0.899,0.495
1.905,1.445,0.904,0.498
1.906,1.453,0.908,0.501
1.92,1.461,0.913,0.504
1.93,1.469,0.917,0.506
1.941,1.48,0.921,0.509
1.945,1.486,0.924,0.511
1.955,1.495,0.928,0.514
1.962,1.502,0.933,0.517
1.98,1.51,0.938,0.52
1.989,1.516,0.943,0.523
2.002,1.527,0.949,0.526
2.021,1.536,0.954,0.529
2.039,1.544,0.96,0.532
2.053,1.551,0.966,0.535
2.073,1.562,0.972,0.538
2.085,1.569,0.978,0.541
2.109,1.576,0.984,0.543
2.125,1.584,0.99,0.546
2.152,1.594,0.997,0.55
2.18,1.607,1.003,0.553
2.212,1.619,1.009,0.556
2.246,1.631,1.017,0.559
2.268,1.641,1.022,0.562
2.298,1.652,1.029,0.566
2.324,1.663,1.035,0.569
2.365,1.673,1.041,0.572
2.426,1.691,1.047,0.576
2.453,1.704,1.053,0.579
2.481,1.717,1.058,0.582
2.5,1.729,1.065,0.585
2.5,1.749,1.073,0.589
2.5,1.761,1.08,0.592
2.5,1.777,1.087,0.596
2.5,1.789,1.094,0.599
2.5,1.798,1.1,0.602
2.5,1.802,1.105,0.605
2.5,1.809,1.111,0.608
2.5,1.816,1.118,0.611
2.5,1.828,1.124,0.614
2.5,1.833,1.129,0.616
2.5,1.845,1.136,0.619
2.5,1.851,1.144,0.621
2.5,1.866,1.151,0.624
2.5,1.874,1.155,0.626
2.5,1.884,1.159,0.628
2.5,1.892,1.163,0.63
2.5,1.9,1.165,0.632
2.5,1.913,1.169,0.633
2.5,1.935,1.173,0.635
2.5,1.939,1.177,0.636
2.5,1.955,1.179,0.638
2.5,1.96,1.182,0.638
2.5,1.967,1.183,0.639
2.5,1.992,1.187,0.641
2.5,2.019,1.19,0.642
2.5,2.029,1.194,0.643
2.5,2.05,1.196,0.644
2.5,2.049,1.197,0.644
2.5,2.072,1.198,0.645
2.5,2.089,1.2,0.646
2.5,2.102,1.201,0.647
2.5,2.149,1.205,0.647
2.5,2.16,1.206,0.647
2.5,2.178,1.206,0.647
2.5,2.199,1.209,0.647
2.5,2.194,1.21,0.647
2.5,2.209,1.209,0.647
2.5,2.195,1.207,0.645
2.5,2.196,1.206,0.645
2.5,2.212,1.208,0.643
2.5,2.218,1.209,0.641
2.5,2.193,1.208,0.64
2.5,2.19,1.207,0.638
2.5,2.145,1.204,0.635
2.5,2.126,1.203,0.633
2.5,2.107,1.203,0.631
2.5,2.115,1.199,0.629
2.5,2.135,1.2,0.628
2.5,2.129,1.198,0.626
2.5,2.116,1.197,0.623
2.5,2.112,1.192,0.62
2.5,2.101,1.187,0.618
2.5,2.117,1.183,0.616
2.5,2.106,1.181,0.614
2.5,2.101,1.176,0.611
2.5,2.087,1.172,0.608
2.5,2.057,1.165,0.606
2.5,2.049,1.161,0.603
2.5,2.044,1.156,0.599
2.5,2.018,1.149,0.595
2.5,2.012,1.141,0.592
2.5,1.984,1.135,0.588
2.5,1.996,1.13,0.584
2.5,1.971,1.123,0.58
2.5,1.922,1.112,0.576
2.5,1.885,1.1,0.571
2.5,1.889,1.092,0.567
2.5,1.86,1.084,0.563
2.5,1.842,1.075,0.559
2.5,1.82,1.063,0.555
2.5,1.808,1.053,0.551
2.5,1.778,1.046,0.547
2.5,1.752,1.037,0.542
2.5,1.741,1.033,0.536
2.5,1.72,1.026,0.532
2.5,1.731,1.02,0.527
2.5,1.74,1.015,0.523
2.5,1.748,1.009,0.518
2.5,1.768,1.001,0.514
2.5,1.76,0.994,0.51
2.5,1.76,0.986,0.505
2.5,1.755,0.981,0.499
2.5,1.752,0.973,0.495
2.5,1.736,0.964,0.491
2.5,1.734,0.956,0.486
2.5,1.683,0.946,0.481
2.5,1.655,0.934,0.475
2.5,1.607,0.921,0.47
2.5,1.575,0.907,0.465
2.5,1.551,0.896,0.46
2.5,1.533,0.886,0.456
2.464,1.496,0.876,0.451
2.414,1.461,0.863,0.446
2.352,1.422,0.853,0.441
2.351,1.403,0.845,0.437
2.306,1.387,0.838,0.432
2.222,1.359,0.829,0.426
2.209,1.35,0.822,0.421
2.174,1.328,0.811,0.417
2.156,1.317,0.8,0.412
2.117,1.299,0.793,0.407
2.063,1.282,0.78,0.4
2.045,1.273,0.771,0.396
2,1.25,0.761,0.39
1.957,1.236,0.752,0.385
1.931,1.225,0.74,0.379
1.905,1.208,0.728,0.374
1.852,1.187,0.716,0.369
1.775,1.172,0.704,0.363
1.734,1.148,0.692,0.358
1.706,1.137,0.682,0.353
1.653,1.121,0.672,0.348
1.616,1.11,0.664,0.344
1.577,1.092,0.656,0.339
1.528,1.068,0.646,0.333
1.495,1.054,0.638,0.329
1.475,1.038,0.631,0.325
1.439,1.021,0.624,0.321
1.422,1.012,0.617,0.317
1.388,0.994,0.61,0.314
1.344,0.967,0.601,0.31
1.327,0.955,0.593,0.306
1.292,0.926,0.586,0.302
1.272,0.912,0.581,0.299
1.256,0.9,0.575,0.295
1.239,0.887,0.565,0.29
1.226,0.877,0.559,0.287
1.201,0.864,0.55,0.282
1.178,0.851,0.54,0.278
1.155,0.834,0.53,0.273
1.126,0.82,0.522,0.269
1.094,0.804,0.511,0.265
1.069,0.794,0.502,0.261
1.046,0.781,0.494,0.256
1.025,0.77,0.485,0.252
0.997,0.755,0.476,0.247
0.979,0.744,0.468,0.242
0.952,0.726,0.458,0.237
0.93,0.714,0.45,0.233
0.912,0.703,0.442,0.228
0.892,0.691,0.434,0.223
0.868,0.678,0.427,0.218
0.85,0.67,0.421,0.214
0.827,0.656,0.413,0.209
0.81,0.645,0.408,0.206
0.797,0.635,0.401,0.201
0.778,0.624,0.394,0.197
0.765,0.616,0.389,0.193
0.751,0.604,0.383,0.189
0.737,0.591,0.376,0.184
0.723,0.581,0.37,0.181
0.707,0.571,0.363,0.177
0.694,0.561,0.356,0.173
0.682,0.551,0.351,0.169
0.67,0.542,0.345,0.167
0.661,0.529,0.339,0.163
0.654,0.521,0.333,0.159
0.639,0.511,0.326,0.155
0.629,0.501,0.321,0.153
0.617,0.493,0.316,0.15
0.608,0.487,0.312,0.148
0.598,0.477,0.308,0.144
0.588,0.469,0.304,0.142
0.577,0.459,0.3,0.138
0.567,0.453,0.297,0.137
0.556,0.445,0.293,0.136
0.545,0.438,0.287,0.133
0.535,0.429,0.285,0.131
0.526,0.423,0.281,0.129
0.514,0.415,0.276,0.127
0.502,0.409,0.272,0.124
0.494,0.398,0.268,0.122
0.485,0.392,0.264,0.119
0.475,0.384,0.258,0.116
0.466,0.378,0.254,0.113
0.459,0.371,0.25,0.11
0.449,0.363,0.247,0.107
0.441,0.357,0.243,0.105
0.433,0.352,0.239,0.102
0.425,0.345,0.235,0.099
0.415,0.339,0.231,0.096
0.405,0.334,0.227,0.094
0.398,0.33,0.225,0.092
0.391,0.326,0.221,0.09
0.385,0.319,0.218,0.088
0.378,0.311,0.215,0.085
0.372,0.305,0.212,0.084
0.366,0.299,0.209,0.083
0.36,0.295,0.207,0.082
0.354,0.29,0.204,0.081
0.347,0.286,0.202,0.08
0.341,0.281,0.2,0.079
0.334,0.278,0.196,0.078
0.328,0.272,0.194,0.078
0.323,0.268,0.19,0.076
0.317,0.263,0.187,0.075
0.313,0.26,0.184,0.073
0.306,0.253,0.181,0.071
0.299,0.25,0.178,0.069
0.294,0.247,0.176,0.067
0.288,0.245,0.173,0.066
0.284,0.243,0.17,0.066
0.279,0.24,0.168,0.064
0.274,0.235,0.165,0.062
0.27,0.232,0.163,0.06
0.267,0.228,0.16,0.058
0.263,0.224,0.158,0.058
0.26,0.22,0.154,0.055
0.256,0.216,0.152,0.054
0.252,0.213,0.15,0.052
0.249,0.21,0.148,0.051
0.245,0.208,0.146,0.049
0.243,0.205,0.145,0.048
0.239,0.201,0.142,0.046
0.236,0.199,0.14,0.045
0.232,0.196,0.14,0.044
0.229,0.192,0.137,0.043
0.226,0.189,0.135,0.043
0.223,0.187,0.133,0.041
0.219,0.185,0.131,0.04
0.216,0.182,0.129,0.039
0.212,0.178,0.127,0.038
0.208,0.177,0.125,0.037
0.206,0.176,0.124,0.037
0.203,0.175,0.122,0.037
0.199,0.172,0.12,0.036
0.197,0.171,0.119,0.036
0.195,0.169,0.119,0.035
0.193,0.167,0.117,0.035
0.19,0.165,0.116,0.034
0.187,0.163,0.115,0.035
0.185,0.163,0.114,0.034
0.182,0.161,0.115,0.034
0.181,0.158,0.115,0.034
0.178,0.156,0.114,0.033
0.177,0.155,0.114,0.032
0.175,0.152,0.113,0.031
0.173,0.151,0.112,0.031
0.171,0.151,0.113,0.03
0.169,0.148,0.112,0.031
0.166,0.146,0.11,0.03
0.165,0.146,0.109,0.03
0.163,0.144,0.109,0.029
0.16,0.141,0.107,0.029
0.158,0.138,0.106,0.028
0.156,0.137,0.104,0.027
0.155,0.135,0.104,0.027
0.153,0.134,0.103,0.027
0.151,0.134,0.102,0.027
0.15,0.133,0.101,0.027
0.149,0.132,0.101,0.027
0.146,0.13,0.1,0.027
0.145,0.128,0.098,0.026
0.143,0.127,0.099,0.026
0.142,0.126,0.1,0.026
0.142,0.124,0.1,0.026
0.14,0.122,0.1,0.025
0.14,0.121,0.1,0.025
0.138,0.121,0.099,0.023
0.137,0.121,0.098,0.023
0.136,0.12,0.098,0.022
0.135,0.119,0.097,0.022
0.133,0.118,0.096,0.021
0.132,0.117,0.094,0.02
0.131,0.117,0.094,0.02
0.13,0.116,0.093,0.019
0.13,0.114,0.093,0.018
0.129,0.112,0.092,0.018
0.128,0.112,0.092,0.018
0.127,0.11,0.091,0.018
0.127,0.109,0.091,0.018
0.126,0.109,0.09,0.018
0.125,0.109,0.089,0.018
0.124,0.109,0.088,0.018
0.122,0.107,0.087,0.017
0.122,0.107,0.087,0.018
0.121,0.107,0.087,0.017
0.121,0.107,0.087,0.018
0.122,0.105,0.087,0.018
0.121,0.104,0.087,0.018
0.121,0.105,0.085,0.017
0.12,0.105,0.085,0.018
0.119,0.103,0.084,0.017
0.119,0.103,0.084,0.017
0.118,0.103,0.084,0.018
0.116,0.103,0.083,0.017
0.115,0.103,0.083,0.018
0.114,0.102,0.082,0.018
0.114,0.101,0.083,0.018
0.113,0.1,0.083,0.018
0.113,0.1,0.083,0.018
0.113,0.1,0.084,0.017
0.113,0.099,0.084,0.017
0.112,0.098,0.083,0.017
0.112,0.098,0.083,0.017
0.111,0.099,0.083,0.017
0.11,0.098,0.083,0.017
0.11,0.098,0.083,0.017
0.11,0.098,0.083,0.016
0.11,0.099,0.083,0.016
0.11,0.099,0.083,0.016
0.11,0.098,0.083,0.016
0.11,0.097,0.082,0.016
0.11,0.098,0.082,0.016
0.109,0.097,0.082,0.015
0.109,0.097,0.082,0.015
0.109,0.097,0.083,0.015
0.109,0.097,0.084,0.015
0.108,0.098,0.084,0.016
0.108,0.097,0.085,0.015
0.108,0.097,0.085,0.016
0.109,0.097,0.085,0.016
0.109,0.097,0.086,0.015
0.11,0.098,0.087,0.015
0.111,0.098,0.088,0.015
0.112,0.099,0.088,0.016
0.112,0.099,0.089,0.016
0.112,0.099,0.089,0.016
0.112,0.099,0.089,0.016
0.112,0.099,0.088,0.015
0.112,0.1,0.088,0.015
0.112,0.1,0.087,0.015
0.113,0.101,0.086,0.015
0.113,0.101,0.086,0.015
0.113,0.1,0.085,0.016
0.113,0.1,0.084,0.016
0.113,0.1,0.084,0.016
0.113,0.1,0.084,0.016
0.112,0.1,0.083,0.015
0.113,0.1,0.083,0.016
0.113,0.1,0.083,0.016
0.113,0.101,0.083,0.016
0.114,0.1,0.083,0.017
0.115,0.101,0.084,0.018
0.115,0.101,0.084,0.018
0.115,0.101,0.084,0.018
0.115,0.101,0.085,0.019
0.116,0.101,0.086,0.019
0.116,0.101,0.087,0.02
0.116,0.1,0.086,0.02
0.116,0.101,0.086,0.02
0.116,0.101,0.086,0.02
0.115,0.1,0.085,0.019
0.116,0.1,0.085,0.019
0.115,0.1,0.085,0.019
0.115,0.1,0.084,0.019
0.115,0.1,0.084,0.019
0.114,0.099,0.084,0.018
0.114,0.099,0.083,0.018
0.114,0.099,0.083,0.018
0.115,0.099,0.083,0.018
0.114,0.099,0.083,0.017
0.115,0.099,0.083,0.017
0.116,0.099,0.083,0.017
0.116,0.099,0.083,0.017
0.117,0.1,0.083,0.018
0.117,0.101,0.083,0.018
0.117,0.101,0.084,0.018
0.118,0.101,0.085,0.018
0.118,0.101,0.084,0.018
0.118,0.101,0.085,0.018
0.118,0.102,0.085,0.018
0.119,0.102,0.086,0.018
0.119,0.103,0.087,0.019
0.119,0.103,0.087,0.019
0.119,0.103,0.087,0.019
0.118,0.103,0.086,0.019
0.118,0.103,0.086,0.019
0.118,0.103,0.086,0.018
0.119,0.103,0.087,0.019
0.12,0.104,0.087,0.019
0.12,0.103,0.087,0.019
0.12,0.102,0.087,0.019
0.121,0.103,0.087,0.019
0.122,0.104,0.088,0.02
0.122,0.104,0.088,0.02
0.123,0.104,0.088,0.02
0.123,0.104,0.088,0.02
0.124,0.104,0.088,0.021
0.124,0.104,0.089,0.02
0.124,0.105,0.09,0.02
0.124,0.104,0.09,0.02
0.125,0.105,0.09,0.021
0.125,0.106,0.09,0.021
0.125,0.106,0.091,0.021
0.126,0.107,0.092,0.021
0.126,0.107,0.092,0.022
0.126,0.108,0.093,0.022
0.125,0.107,0.093,0.022
0.126,0.108,0.093,0.022
0.126,0.109,0.094,0.022
0.127,0.11,0.095,0.023
0.128,0.111,0.095,0.023
0.129,0.112,0.096,0.024
0.129,0.113,0.096,0.024
0.13,0.113,0.096,0.024
0.13,0.114,0.096,0.024
0.132,0.116,0.096,0.025
0.133,0.116,0.097,0.025
0.133,0.117,0.096,0.025
0.134,0.118,0.097,0.025
0.135,0.118,0.097,0.025
0.135,0.118,0.097,0.025
0.136,0.119,0.098,0.025
0.136,0.119,0.098,0.026
0.137,0.119,0.098,0.026
0.137,0.12,0.098,0.025
0.137,0.12,0.098,0.025
0.138,0.12,0.098,0.025
0.138,0.12,0.099,0.025
0.138,0.119,0.099,0.025
0.139,0.118,0.099,0.024
0.139,0.118,0.099,0.024
0.14,0.119,0.1,0.025
0.14,0.12,0.101,0.025
0.141,0.119,0.101,0.025
0.142,0.119,0.102,0.025
0.142,0.119,0.102,0.026
0.143,0.12,0.102,0.025
0.143,0.12,0.102,0.026
0.143,0.12,0.102,0.026
0.144,0.121,0.102,0.026
0.145,0.121,0.102,0.026
0.145,0.122,0.103,0.027
0.146,0.123,0.103,0.027
0.146,0.123,0.103,0.027
0.147,0.124,0.103,0.027
0.148,0.125,0.104,0.028
0.149,0.125,0.104,0.028
0.15,0.126,0.104,0.028
0.15,0.126,0.104,0.028
0.151,0.127,0.104,0.028
0.151,0.128,0.104,0.028
0.152,0.128,0.104,0.028
0.152,0.128,0.104,0.028
0.153,0.129,0.104,0.029
0.153,0.13,0.104,0.029
0.154,0.131,0.105,0.03
0.155,0.131,0.106,0.03
0.156,0.131,0.106,0.031
0.157,0.132,0.107,0.032
0.157,0.132,0.107,0.032
0.158,0.132,0.108,0.032
0.158,0.133,0.108,0.033
0.159,0.133,0.109,0.033
0.16,0.133,0.109,0.034
0.161,0.134,0.109,0.034
0.161,0.134,0.11,0.034
0.162,0.135,0.11,0.035
0.163,0.135,0.111,0.035
0.164,0.136,0.111,0.035
0.164,0.136,0.111,0.034
0.165,0.136,0.111,0.035
0.165,0.136,0.111,0.034
0.166,0.137,0.111,0.035
0.167,0.138,0.111,0.035
0.167,0.139,0.111,0.035
0.168,0.139,0.112,0.035
0.169,0.141,0.112,0.035
0.169,0.141,0.112,0.035
0.169,0.142,0.112,0.035
0.17,0.142,0.113,0.035
0.171,0.143,0.114,0.035
0.172,0.144,0.114,0.036
0.172,0.144,0.115,0.036
0.173,0.145,0.116,0.036
0.174,0.145,0.116,0.037
0.174,0.146,0.117,0.037
0.175,0.147,0.117,0.037
0.176,0.147,0.117,0.037
0.176,0.148,0.117,0.037
0.177,0.148,0.117,0.037
0.178,0.149,0.117,0.037
0.179,0.15,0.118,0.038
0.179,0.15,0.118,0.038
0.18,0.15,0.118,0.038
0.181,0.151,0.118,0.039
0.182,0.152,0.119,0.039
0.183,0.153,0.119,0.039
0.184,0.154,0.119,0.039
0.185,0.154,0.12,0.039
0.185,0.155,0.12,0.039
0.185,0.155,0.12,0.039
0.186,0.156,0.12,0.04
0.186,0.156,0.121,0.04
0.186,0.156,0.121,0.04
0.187,0.157,0.121,0.04
0.188,0.157,0.122,0.04
0.188,0.157,0.122,0.04
0.189,0.158,0.123,0.041
0.19,0.158,0.123,0.041
0.191,0.159,0.123,0.041
0.192,0.159,0.124,0.041
0.193,0.16,0.125,0.042
0.194,0.16,0.125,0.042
0.195,0.161,0.126,0.042
0.196,0.161,0.127,0.043
0.197,0.162,0.127,0.043
0.199,0.163,0.128,0.043
0.2,0.164,0.129,0.044
0.201,0.165,0.13,0.044
0.202,0.167,0.13,0.044
0.203,0.168,0.131,0.045
0.204,0.168,0.132,0.046
0.205,0.17,0.132,0.046
0.206,0.171,0.133,0.046
0.207,0.172,0.134,0.047
0.208,0.173,0.134,0.048
0.209,0.173,0.135,0.048
0.21,0.174,0.135,0.048
0.212,0.175,0.136,0.049
0.213,0.176,0.136,0.049
0.214,0.177,0.137,0.05
0.214,0.177,0.137,0.05
0.215,0.177,0.137,0.05
0.216,0.178,0.138,0.05
0.217,0.179,0.139,0.05
0.218,0.18,0.139,0.05
0.219,0.18,0.139,0.05
0.22,0.181,0.14,0.051
0.221,0.182,0.141,0.051
0.222,0.183,0.142,0.051
0.223,0.185,0.142,0.051
0.224,0.186,0.143,0.052
0.226,0.187,0.143,0.052
0.227,0.188,0.144,0.053
0.228,0.189,0.144,0.053
0.23,0.19,0.145,0.054
0.231,0.191,0.146,0.054
0.233,0.193,0.146,0.055
0.234,0.193,0.146,0.055
0.236,0.194,0.147,0.056
0.237,0.195,0.147,0.056
0.239,0.196,0.148,0.057
0.241,0.197,0.148,0.057
0.242,0.198,0.149,0.058
0.243,0.199,0.149,0.058
0.244,0.199,0.149,0.058
0.246,0.2,0.15,0.059
0.247,0.201,0.15,0.059
0.248,0.202,0.151,0.059
0.249,0.203,0.151,0.059
0.25,0.204,0.152,0.059
0.252,0.205,0.153,0.06
0.253,0.206,0.154,0.06
0.254,0.208,0.155,0.061
0.256,0.209,0.155,0.061
0.257,0.21,0.156,0.062
0.258,0.211,0.157,0.062
0.26,0.211,0.158,0.063
0.261,0.213,0.159,0.063
0.263,0.214,0.16,0.064
0.264,0.215,0.161,0.064
0.265,0.216,0.162,0.064
0.267,0.217,0.163,0.064
0.269,0.217,0.164,0.065
0.271,0.219,0.165,0.065
0.272,0.22,0.166,0.066
0.274,0.221,0.166,0.066
0.275,0.222,0.167,0.066
0.277,0.223,0.168,0.067
0.279,0.225,0.169,0.067
0.28,0.227,0.169,0.067
0.281,0.228,0.17,0.068
0.283,0.229,0.171,0.068
0.284,0.231,0.173,0.068
0.286,0.232,0.173,0.069
0.288,0.233,0.174,0.07
0.29,0.235,0.175,0.071
0.291,0.236,0.176,0.071
0.293,0.238,0.177,0.072
0.295,0.24,0.178,0.073
0.296,0.241,0.178,0.073
0.298,0.242,0.179,0.074
0.3,0.243,0.18,0.075
0.301,0.243,0.181,0.075
0.303,0.245,0.181,0.075
0.305,0.246,0.182,0.076
0.307,0.247,0.183,0.076
0.308,0.249,0.184,0.077
0.31,0.251,0.185,0.077
0.312,0.252,0.185,0.078
0.314,0.253,0.187,0.078
0.316,0.255,0.188,0.079
0.318,0.257,0.189,0.079
0.32,0.259,0.19,0.08
0.321,0.26,0.191,0.08
0.323,0.262,0.192,0.081
0.325,0.263,0.193,0.081
0.327,0.265,0.194,0.082
0.329,0.267,0.195,0.083
0.331,0.269,0.196,0.083
0.333,0.27,0.197,0.084
0.334,0.272,0.198,0.084
0.337,0.274,0.199,0.085
0.338,0.275,0.2,0.086
0.34,0.276,0.201,0.086
0.342,0.277,0.202,0.086
0.344,0.278,0.203,0.087
0.346,0.28,0.204,0.088
0.347,0.282,0.205,0.088
0.35,0.283,0.206,0.089
0.352,0.285,0.208,0.09
0.354,0.287,0.209,0.091
0.357,0.289,0.21,0.091
0.359,0.291,0.212,0.092
0.362,0.293,0.213,0.093
0.364,0.294,0.213,0.094
0.366,0.296,0.215,0.095
0.369,0.298,0.216,0.095
0.371,0.3,0.217,0.096
0.374,0.301,0.218,0.097
0.376,0.302,0.219,0.097
0.378,0.304,0.221,0.098
0.381,0.306,0.222,0.099
0.383,0.308,0.223,0.099
0.386,0.31,0.224,0.1
0.388,0.311,0.226,0.101
0.391,0.313,0.227,0.101
0.393,0.315,0.228,0.102
0.396,0.318,0.23,0.103
0.399,0.32,0.231,0.104
0.401,0.322,0.233,0.105
0.403,0.324,0.234,0.105
0.406,0.326,0.235,0.106
0.409,0.328,0.237,0.107
0.411,0.33,0.238,0.108
0.413,0.332,0.24,0.109
0.416,0.334,0.241,0.109
0.418,0.336,0.242,0.11
0.421,0.338,0.243,0.111
0.424,0.34,0.244,0.112
0.427,0.343,0.246,0.112
0.429,0.344,0.247,0.113
0.432,0.346,0.248,0.113
0.435,0.348,0.25,0.114
0.438,0.351,0.251,0.115
0.441,0.353,0.253,0.115
0.443,0.355,0.254,0.116
0.446,0.358,0.255,0.116
0.449,0.361,0.257,0.117
0.453,0.363,0.259,0.118
0.456,0.366,0.26,0.119
0.459,0.368,0.262,0.12
0.462,0.371,0.264,0.121
0.464,0.373,0.265,0.122
0.466,0.375,0.267,0.123
0.469,0.377,0.269,0.124
0.472,0.38,0.271,0.125
0.475,0.382,0.273,0.126
0.478,0.384,0.274,0.127
0.481,0.386,0.275,0.128
0.485,0.388,0.277,0.129
0.488,0.391,0.278,0.13
0.491,0.393,0.28,0.131
0.494,0.396,0.281,0.133
0.498,0.398,0.283,0.134
0.501,0.4,0.284,0.135
0.505,0.403,0.286,0.135
0.508,0.406,0.287,0.136
0.512,0.409,0.289,0.137
0.515,0.412,0.291,0.138
0.518,0.414,0.292,0.139
0.522,0.418,0.294,0.14
0.525,0.42,0.296,0.142
0.529,0.423,0.298,0.142
0.533,0.426,0.3,0.144
0.535,0.429,0.302,0.145
0.538,0.432,0.304,0.145
0.542,0.434,0.306,0.146
0.545,0.438,0.307,0.147
0.549,0.44,0.309,0.148
0.552,0.443,0.311,0.149
0.556,0.446,0.313,0.15
0.559,0.448,0.314,0.151
0.563,0.451,0.316,0.152
0.567,0.454,0.319,0.153
0.571,0.457,0.32,0.154
0.575,0.46,0.322,0.155
0.579,0.463,0.324,0.156
0.583,0.466,0.326,0.157
0.587,0.468,0.327,0.158
0.591,0.471,0.33,0.16
0.594,0.474,0.331,0.161
0.599,0.478,0.333,0.162
0.602,0.481,0.335,0.164
0.606,0.485,0.338,0.165
0.61,0.488,0.34,0.166
0.615,0.491,0.342,0.168
0.618,0.494,0.344,0.169
0.622,0.497,0.346,0.17
0.626,0.5,0.348,0.171
0.63,0.504,0.35,0.172
0.634,0.506,0.352,0.173
0.637,0.509,0.354,0.174
0.642,0.512,0.356,0.175
0.646,0.516,0.358,0.177
0.65,0.52,0.361,0.178
0.655,0.523,0.363,0.179
0.659,0.527,0.365,0.18
0.664,0.53,0.367,0.182
0.669,0.535,0.37,0.183
0.673,0.538,0.371,0.184
0.678,0.542,0.374,0.186
0.683,0.546,0.376,0.187
0.688,0.55,0.378,0.188
0.693,0.554,0.381,0.19
0.697,0.559,0.383,0.191
0.702,0.563,0.386,0.193
0.707,0.567,0.388,0.194
0.712,0.571,0.391,0.196
0.717,0.575,0.393,0.197
0.723,0.578,0.396,0.198
0.727,0.582,0.399,0.2
0.732,0.585,0.401,0.201
0.736,0.589,0.404,0.202
0.741,0.593,0.406,0.204
0.746,0.597,0.409,0.205
0.751,0.601,0.412,0.207
0.756,0.605,0.415,0.208
0.761,0.609,0.418,0.21
0.767,0.612,0.42,0.211
0.773,0.616,0.423,0.213
0.778,0.619,0.425,0.215
0.784,0.624,0.428,0.216
0.789,0.628,0.43,0.218
0.795,0.632,0.433,0.22
0.8,0.635,0.436,0.221
0.805,0.64,0.439,0.222
0.81,0.644,0.441,0.224
0.815,0.649,0.445,0.226
0.82,0.653,0.447,0.227
0.827,0.658,0.45,0.229
0.833,0.662,0.453,0.231
0.838,0.667,0.456,0.232
0.843,0.672,0.458,0.234
0.849,0.676,0.461,0.235
0.855,0.681,0.464,0.237
0.861,0.687,0.467,0.238
0.866,0.692,0.47,0.24
0.873,0.697,0.473,0.242
0.878,0.701,0.476,0.243
0.884,0.706,0.478,0.245
0.89,0.71,0.481,0.246
0.896,0.715,0.484,0.248
0.902,0.719,0.486,0.25
0.908,0.723,0.489,0.252
0.914,0.727,0.492,0.253
0.92,0.731,0.495,0.255
0.926,0.736,0.498,0.257
0.932,0.74,0.501,0.259
0.937,0.744,0.504,0.26
0.943,0.749,0.508,0.262
0.949,0.754,0.511,0.264
0.957,0.758,0.515,0.266
0.963,0.764,0.518,0.268
0.971,0.769,0.521,0.27
0.977,0.774,0.525,0.271
0.983,0.779,0.528,0.273
0.99,0.784,0.531,0.275
0.998,0.79,0.536,0.277
1.005,0.795,0.539,0.279
1.013,0.801,0.543,0.281
1.02,0.806,0.546,0.283
1.028,0.811,0.549,0.285
1.036,0.817,0.553,0.287
1.043,0.824,0.556,0.289
1.051,0.829,0.56,0.291
1.058,0.835,0.563,0.293
1.066,0.84,0.567,0.295
1.074,0.845,0.571,0.297
1.082,0.85,0.574,0.299
1.089,0.856,0.578,0.301
1.097,0.863,0.582,0.303
1.104,0.869,0.585,0.305
1.111,0.875,0.589,0.307
1.119,0.88,0.593,0.309
1.128,0.886,0.596,0.311
1.137,0.892,0.6,0.313
1.143,0.899,0.603,0.316
1.152,0.904,0.607,0.318
1.16,0.91,0.611,0.32
1.167,0.916,0.615,0.322
1.175,0.923,0.62,0.324
1.184,0.93,0.624,0.326
1.191,0.936,0.628,0.328
1.2,0.943,0.632,0.33
1.207,0.949,0.635,0.332
1.215,0.955,0.64,0.335
1.223,0.961,0.643,0.337
1.231,0.966,0.647,0.339
1.237,0.971,0.651,0.341
1.245,0.977,0.655,0.343
1.255,0.983,0.66,0.345
1.263,0.99,0.664,0.347
1.271,0.997,0.668,0.35
1.281,1.004,0.673,0.352
1.291,1.011,0.677,0.354
1.301,1.017,0.681,0.357
1.31,1.023,0.686,0.359
1.321,1.029,0.69,0.362
1.332,1.035,0.694,0.364
1.343,1.042,0.698,0.367
1.353,1.05,0.702,0.369
1.363,1.056,0.707,0.372
1.371,1.064,0.711,0.374
1.381,1.072,0.715,0.377
1.39,1.08,0.719,0.379
1.401,1.087,0.723,0.382
1.41,1.093,0.728,0.385
1.42,1.101,0.732,0.387
1.43,1.106,0.736,0.39
1.44,1.114,0.74,0.393
1.45,1.12,0.744,0.395
1.459,1.127,0.749,0.397
1.468,1.136,0.753,0.399
1.48,1.143,0.758,0.402
1.491,1.152,0.763,0.405
1.502,1.161,0.768,0.408
1.512,1.169,0.773,0.411
1.527,1.179,0.779,0.414
1.536,1.187,0.783,0.416
1.549,1.196,0.788,0.419
1.56,1.205,0.793,0.421
1.573,1.215,0.798,0.424
1.582,1.223,0.803,0.427
1.594,1.233,0.808,0.429
1.605,1.241,0.813,0.432
1.616,1.25,0.818,0.435
1.627,1.259,0.823,0.438
1.641,1.267,0.829,0.442
1.654,1.276,0.834,0.444
1.669,1.285,0.84,0.447
1.682,1.293,0.845,0.45
1.699,1.303,0.85,0.454
1.713,1.311,0.856,0.457
1.729,1.322,0.861,0.46
1.741,1.33,0.867,0.463
1.755,1.337,0.873,0.466
1.767,1.347,0.879,0.469
1.783,1.355,0.885,0.473
1.797,1.365,0.89,0.476
1.812,1.373,0.895,0.479
1.825,1.381,0.9,0.482
1.845,1.391,0.907,0.485
1.861,1.4,0.913,0.488
1.882,1.412,0.919,0.491
1.894,1.421,0.925,0.494
1.915,1.431,0.931,0.498
1.924,1.44,0.936,0.5
1.95,1.451,0.942,0.504
1.968,1.459,0.948,0.507
1.995,1.47,0.954,0.511
2.014,1.48,0.961,0.514
2.042,1.493,0.967,0.518
2.06,1.504,0.973,0.521
2.08,1.518,0.98,0.525
2.103,1.529,0.986,0.529
2.128,1.542,0.994,0.533
2.151,1.557,1,0.536
2.174,1.57,1.007,0.54
2.183,1.579,1.013,0.544
2.209,1.592,1.021,0.548
2.234,1.605,1.028,0.551
2.273,1.618,1.036,0.556
2.301,1.63,1.043,0.56
2.338,1.642,1.051,0.564
2.378,1.657,1.059,0.568
2.417,1.67,1.068,0.572
2.455,1.685,1.075,0.576
2.492,1.698,1.082,0.58
2.5,1.706,1.088,0.584
2.5,1.72,1.096,0.589
2.5,1.732,1.103,0.592
2.5,1.743,1.111,0.597
2.5,1.755,1.118,0.601
2.5,1.771,1.127,0.605
2.5,1.785,1.134,0.61
2.5,1.799,1.142,0.614
2.5,1.815,1.149,0.618
2.5,1.836,1.158,0.622
2.5,1.85,1.166,0.626
2.5,1.872,1.175,0.631
2.5,1.891,1.183,0.635
2.5,1.91,1.193,0.639
2.5,1.923,1.201,0.644
2.5,1.944,1.211,0.649
2.5,1.959,1.221,0.653
2.5,1.98,1.232,0.658
2.5,2.01,1.242,0.663
2.5,2.03,1.252,0.668
2.5,2.05,1.26,0.673
2.5,2.068,1.271,0.678
2.5,2.086,1.28,0.683
2.5,2.1,1.289,0.688
2.5,2.118,1.298,0.693
2.5,2.148,1.309,0.698
2.5,2.174,1.319,0.703
2.5,2.195,1.328,0.709
2.5,2.229,1.338,0.714
2.5,2.246,1.348,0.72
2.5,2.269,1.357,0.725
2.5,2.31,1.367,0.731
2.5,2.346,1.376,0.736
2.5,2.385,1.386,0.742
2.5,2.42,1.397,0.748
2.5,2.459,1.408,0.753
2.5,2.5,1.418,0.759
2.5,2.5,1.428,0.765
2.5,2.5,1.438,0.771
2.5,2.5,1.449,0.776
2.5,2.5,1.459,0.781
2.5,2.5,1.47,0.787
2.5,2.5,1.482,0.792
2.5,2.5,1.492,0.798
2.5,2.5,1.502,0.803
2.5,2.5,1.516,0.808
2.5,2.5,1.526,0.814
2.5,2.5,1.539,0.82
2.5,2.5,1.552,0.826
2.5,2.5,1.568,0.832
2.5,2.5,1.58,0.837
2.5,2.5,1.592,0.844
2.5,2.5,1.608,0.849
2.5,2.5,1.621,0.855
2.5,2.5,1.636,0.862
2.5,2.5,1.65,0.868
2.5,2.5,1.665,0.874
2.5,2.5,1.679,0.88
2.5,2.5,1.694,0.886
2.5,2.5,1.708,0.893
2.5,2.5,1.72,0.899
2.5,2.5,1.734,0.905
2.5,2.5,1.746,0.912
2.5,2.5,1.759,0.918
2.5,2.5,1.772,0.925
2.5,2.5,1.789,0.931
2.5,2.5,1.804,0.939
2.5,2.5,1.819,0.945
2.5,2.5,1.83,0.952
2.5,2.5,1.847,0.959
2.5,2.5,1.864,0.966
2.5,2.5,1.885,0.973
2.5,2.5,1.903,0.98
2.5,2.5,1.928,0.987
2.5,2.5,1.944,0.994
2.5,2.5,1.964,1.001
2.5,2.5,1.979,1.007
2.5,2.5,1.998,1.014
2.5,2.5,2.017,1.02
2.5,2.5,2.042,1.028
2.5,2.5,2.061,1.035
2.5,2.5,2.084,1.042
2.5,2.5,2.107,1.05
2.5,2.5,2.131,1.058
2.5,2.5,2.155,1.065
2.5,2.5,2.178,1.073
2.5,2.5,2.205,1.081
2.5,2.5,2.23,1.088
2.5,2.5,2.263,1.096
2.5,2.5,2.295,1.104
2.5,2.5,2.32,1.112
2.5,2.5,2.345,1.119
2.5,2.5,2.381,1.127
2.5,2.5,2.437,1.135
2.5,2.5,2.476,1.143
2.5,2.5,2.5,1.151
2.5,2.5,2.5,1.159
2.5,2.5,2.5,1.167
2.5,2.5,2.5,1.174
2.5,2.5,2.5,1.181
2.5,2.5,2.5,1.187
2.5,2.5,2.5,1.195
2.5,2.5,2.5,1.203
2.5,2.5,2.5,1.212
2.5,2.5,2.5,1.22
2.5,2.5,2.5,1.228
2.5,2.5,2.5,1.237
2.5,2.5,2.5,1.245
2.5,2.5,2.5,1.252
2.5,2.5,2.5,1.261
2.5,2.5,2.5,1.27
2.5,2.5,2.5,1.278
2.5,2.5,2.5,1.287
2.5,2.5,2.5,1.297
2.5,2.5,2.5,1.305
2.5,2.5,2.5,1.315
2.5,2.5,2.5,1.324
2.5,2.5,2.5,1.334
2.5,2.5,2.5,1.345
2.5,2.5,2.5,1.354
2.5,2.5,2.5,1.364
2.5,2.5,2.5,1.373
2.5,2.5,2.5,1.381
2.5,2.5,2.5,1.39
2.5,2.5,2.5,1.397
2.5,2.5,2.5,1.404
2.5,2.5,2.5,1.41
2.5,2.5,2.5,1.417
2.5,2.5,2.5,1.423
2.5,2.5,2.5,1.431
2.5,2.5,2.5,1.437
2.5,2.5,2.5,1.445
2.5,2.5,2.5,1.451
2.5,2.5,2.5,1.459
2.5,2.5,2.5,1.465
2.5,2.5,2.5,1.474
2.5,2.5,2.5,1.482
2.5,2.5,2.5,1.492
2.5,2.5,2.5,1.502
2.5,2.5,2.5,1.511
2.5,2.5,2.5,1.52
2.5,2.5,2.5,1.529
2.5,2.5,2.5,1.54
2.5,2.5,2.5,1.549
2.5,2.5,2.5,1.558
2.5,2.5,2.5,1.566
2.5,2.5,2.5,1.573
2.5,2.5,2.5,1.581
2.5,2.5,2.5,1.587
2.5,2.5,2.5,1.594
2.5,2.5,2.5,1.599
2.5,2.5,2.5,1.608
2.5,2.5,2.5,1.614
2.5,2.5,2.5,1.622
2.5,2.5,2.5,1.63
2.5,2.5,2.5,1.638
2.5,2.5,2.5,1.642
2.5,2.5,2.5,1.652
2.5,2.5,2.5,1.66
2.5,2.5,2.5,1.673
2.5,2.5,2.5,1.682
2.5,2.5,2.5,1.692
2.5,2.5,2.5,1.702
2.5,2.5,2.5,1.713
2.5,2.5,2.5,1.721
2.5,2.5,2.5,1.732
2.5,2.5,2.5,1.743
2.5,2.5,2.5,1.753
2.5,2.5,2.5,1.761
2.5,2.5,2.5,1.771
2.5,2.5,2.5,1.778
2.5,2.5,2.5,1.79
2.5,2.5,2.5,1.796
2.5,2.5,2.5,1.805
2.5,2.5,2.5,1.812
2.5,2.5,2.5,1.82
2.5,2.5,2.5,1.827
2.5,2.5,2.5,1.837
2.5,2.5,2.5,1.844
2.5,2.5,2.5,1.848
2.5,2.5,2.5,1.853
2.5,2.5,2.5,1.864
2.5,2.5,2.5,1.869
2.5,2.5,2.5,1.882
2.5,2.5,2.5,1.888
2.5,2.5,2.5,1.898
2.5,2.5,2.5,1.907
2.5,2.5,2.5,1.92
2.5,2.5,2.5,1.928
2.5,2.5,2.5,1.939
2.5,2.5,2.5,1.949
2.5,2.5,2.5,1.962
2.5,2.5,2.5,1.97
2.5,2.5,2.5,1.982
2.5,2.5,2.5,1.992
2.5,2.5,2.5,2.007
2.5,2.5,2.5,2.015
2.5,2.5,2.5,2.026
2.5,2.5,2.5,2.031
2.5,2.5,2.5,2.039
2.5,2.5,2.5,2.047
2.5,2.5,2.5,2.055
2.5,2.5,2.5,2.06
2.5,2.5,2.5,2.065
2.5,2.5,2.5,2.073
2.5,2.5,2.5,2.081
2.5,2.5,2.5,2.086
2.5,2.5,2.5,2.1
2.5,2.5,2.5,2.103
2.5,2.5,2.5,2.108
2.5,2.5,2.5,2.122
2.5,2.5,2.5,2.14
2.5,2.5,2.5,2.153
2.5,2.5,2.5,2.174
2.5,2.5,2.5,2.194
2.5,2.5,2.5,2.209
2.5,2.5,2.5,2.225
2.5,2.5,2.5,2.248
2.5,2.5,2.5,2.266
2.5,2.5,2.5,2.288
2.5,2.5,2.5,2.306
2.5,2.5,2.5,2.325
2.5,2.5,2.5,2.338
2.5,2.5,2.5,2.355
2.5,2.5,2.5,2.368
2.5,2.5,2.5,2.383
2.5,2.5,2.5,2.398
2.5,2.5,2.5,2.411
2.5,2.5,2.5,2.413
2.5,2.5,2.5,2.415
2.5,2.5,2.5,2.412
2.5,2.5,2.5,2.422
2.5,2.5,2.5,2.416
2.5,2.5,2.5,2.432
2.5,2.5,2.5,2.458
2.5,2.5,2.5,2.465
2.5,2.5,2.5,2.473
2.5,2.5,2.5,2.493
2.5,2.5,2.5,2.5
2.5,2.5,2.5,2.5
2.5,2.5,2.5,2.5
2.5,2.5,2.5,2.5
2.5,2.5,2.5,2.5
2.5,2.5,2.5,2.5
2.5,2.5,2.5,2.5
2.5,2.5,2.5,2.5
2.5,2.5,2.5,2.5
2.5,2.5,2.5,2.5
2.5,2.5,2.5,2.5
2.5,2.5,2.5,2.5
2.5,2.5,2.5,2.5
2.5,2.5,2.5,2.5
2.5,2.5,2.5,2.5
2.5,2.5,2.5,2.5
2.5,2.5,2.5,2.5
2.5,2.5,2.5,2.5
2.5,2.5,2.5,2.5
2.5,2.5,2.5,2.5
2.5,2.5,2.5,2.5
2.5,2.5,2.5,2.5
2.5,2.5,2.5,2.5
2.5,2.5,2.5,2.5
2.5,2.5,2.5,2.5
2.5,2.5,2.5,2.5
2.5,2.5,2.5,2.5
2.5,2.5,2.5,2.5
2.5,2.5,2.5,2.5
2.5,2.5,2.5,2.5
2.5,2.5,2.5,2.5
2.5,2.5,2.5,2.5
2.5,2.5,2.5,2.5
2.5,2.5,2.5,2.5
2.5,2.5,2.5,2.5
2.5,2.5,2.5,2.5
2.5,2.5,2.5,2.5
2.5,2.5,2.5,2.5
2.5,2.5,2.5,2.5
2.5,2.5,2.5,2.5
2.5,2.5,2.5,2.5
2.5,2.5,2.5,2.5
2.5,2.5,2.5,2.5
2.5,2.5,2.5,2.5
2.5,2.5,2.5,2.5
2.5,2.5,2.5,2.5
2.5,2.5,2.5,2.5
2.5,2.5,2.5,2.5
2.5,2.5,2.5,2.5
2.5,2.5,2.5,2.5
2.5,2.5,2.5,2.5
2.5,2.5,2.5,2.5
2.5,2.5,2.5,2.5
2.5,2.5,2.5,2.5
2.5,2.5,2.5,2.5
2.5,2.5,2.5,2.5
2.5,2.5,2.5,2.5
2.5,2.5,2.5,2.5
2.5,2.5,2.5,2.5
2.5,2.5,2.5,2.5
2.5,2.5,2.5,2.5
2.5,2.5,2.5,2.5
2.5,2.5,2.5,2.5
2.5,2.5,2.5,2.5
2.5,2.5,2.5,2.5
2.5,2.5,2.5,2.5
2.5,2.5,2.5,2.5
2.5,2.5,2.5,2.5
2.5,2.5,2.5,2.5
2.5,2.5,2.5,2.5
2.5,2.5,2.5,2.5
2.5,2.5,2.5,2.5
2.5,2.5,2.5,2.5
2.5,2.5,2.5,2.5
2.5,2.5,2.5,2.5
2.5,2.5,2.5,2.5
2.5,2.5,2.5,2.5
2.5,2.5,2.5,2.5
2.5,2.5,2.5,2.5
2.5,2.5,2.5,2.5
2.5,2.5,2.5,2.5
2.5,2.5,2.5,2.5
2.5,2.5,2.5,2.5
2.5,2.5,2.5,2.5
2.5,2.5,2.5,2.5
2.5,2.5,2.5,2.5
2.5,2.5,2.5,2.5
2.5,2.5,2.5,2.5
2.5,2.5,2.5,2.5
2.5,2.5,2.5,2.5
2.5,2.5,2.5,2.5
2.5,2.5,2.5,2.5
2.5,2.5,2.5,2.5
2.5,2.5,2.5,2.5
2.5,2.5,2.5,2.5
2.5,2.5,2.5,2.5
2.5,2.5,2.5,2.5
2.5,2.5,2.5,2.5
2.5,2.5,2.5,2.5
2.5,2.5,2.5,2.5
2.5,2.5,2.5,2.5
2.5,2.5,2.5,2.5
2.5,2.5,2.5,2.5
2.5,2.5,2.5,2.5
2.5,2.5,2.5,2.5
2.5,2.5,2.5,2.5
2.5,2.5,2.5,2.5
2.5,2.5,2.5,2.5
2.5,2.5,2.5,2.5
2.5,2.5,2.5,2.5
2.5,2.5,2.5,2.5
2.5,2.5,2.5,2.5
2.5,2.5,2.5,2.5
2.5,2.5,2.5,2.5
2.5,2.5,2.5,2.5
2.5,2.5,2.5,2.5
2.5,2.5,2.5,2.5
2.5,2.5,2.5,2.5
2.5,2.5,2.5,2.5
2.5,2.5,2.5,2.5
2.5,2.5,2.5,2.5
2.5,2.5,2.5,2.5
2.5,2.5,2.5,2.5
2.5,2.5,2.5,2.5
2.5,2.5,2.5,2.5
2.5,2.5,2.5,2.5
2.5,2.5,2.5,2.5
2.5,2.5,2.5,2.5
2.5,2.5,2.5,2.5
2.5,2.5,2.5,2.5
2.5,2.5,2.5,2.5
2.5,2.5,2.5,2.5
2.5,2.5,2.5,2.5
2.5,2.5,2.5,2.5
2.5,2.5,2.5,2.5
2.5,2.5,2.5,2.5
2.5,2.5,2.5,2.5
2.5,2.5,2.5,2.5
2.5,2.5,2.5,2.5
2.5,2.5,2.5,2.5
2.5,2.5,2.5,2.5
2.5,2.5,2.5,2.5
2.5,2.5,2.5,2.5
2.5,2.5,2.5,2.5
2.5,2.5,2.5,2.5
2.5,2.5,2.5,2.5
2.5,2.5,2.5,2.5
2.5,2.5,2.5,2.5
2.5,2.5,2.5,2.5
2.5,2.5,2.5,2.5
2.5,2.5,2.5,2.5
2.5,2.5,2.5,2.5
2.5,2.5,2.5,2.5
2.5,2.5,2.5,2.5
2.5,2.5,2.5,2.5
2.5,2.5,2.5,2.5
2.5,2.5,2.5,2.5
2.5,2.5,2.5,2.5
2.5,2.5,2.5,2.5
2.5,2.5,2.5,2.5
2.5,2.5,2.5,2.5
2.5,2.5,2.5,2.5
2.5,2.5,2.5,2.5
2.5,2.5,2.5,2.5
2.5,2.5,2.5,2.5
2.5,2.5,2.5,2.5
2.5,2.5,2.5,2.5
2.5,2.5,2.5,2.5
2.5,2.5,2.5,2.5
2.5,2.5,2.5,2.5
2.5,2.5,2.5,2.5
2.5,2.5,2.5,2.5
2.5,2.5,2.5,2.5
2.5,2.5,2.5,2.5
2.5,2.5,2.5,2.5
2.5,2.5,2.5,2.5
2.5,2.5,2.5,2.5
2.5,2.5,2.5,2.5
2.5,2.5,2.5,2.5
2.5,2.5,2.5,2.5
2.5,2.5,2.5,2.5
2.5,2.5,2.5,2.5
2.5,2.5,2.5,2.5
2.5,2.5,2.5,2.5
2.5,2.5,2.5,2.5
2.5,2.5,2.5,2.5
2.5,2.5,2.5,2.5
2.5,2.5,2.5,2.5
2.5,2.5,2.5,2.5
2.5,2.5,2.5,2.5
2.5,2.5,2.5,2.5
2.5,2.5,2.5,2.5
2.5,2.5,2.5,2.5
2.5,2.5,2.5,2.5
2.5,2.5,2.5,2.5
2.5,2.5,2.5,2.5
2.5,2.5,2.5,2.5
2.5,2.5,2.5,2.5
2.5,2.5,2.5,2.5
2.5,2.5,2.5,2.5
2.5,2.5,2.5,2.5
2.5,2.5,2.5,2.5
2.5,2.5,2.5,2.5
2.5,2.5,2.5,2.5
2.5,2.5,2.5,2.5
2.5,2.5,2.5,2.5
2.5,2.5,2.5,2.5
2.5,2.5,2.5,2.5
2.5,2.5,2.5,2.5
2.5,2.5,2.5,2.5
2.5,2.5,2.5,2.5
2.5,2.5,2.5,2.5
2.5,2.5,2.5,2.5
2.5,2.5,2.5,2.5
2.5,2.5,2.5,2.5
2.5,2.5,2.5,2.5
2.5,2.5,2.5,2.5
2.5,2.5,2.5,2.5
2.5,2.5,2.5,2.5
2.5,2.5,2.5,2.5
2.5,2.5,2.5,2.5
2.5,2.5,2.5,2.5
2.5,2.5,2.5,2.5
2.5,2.5,2.5,2.5
2.5,2.5,2.5,2.5
2.5,2.5,2.5,2.5
2.5,2.5,2.5,2.5
2.5,2.5,2.5,2.5
2.5,2.5,2.5,2.5
2.5,2.5,2.5,2.5
2.5,2.5,2.5,2.5
2.5,2.5,2.5,2.5
2.5,2.5,2.5,2.5
2.5,2.5,2.5,2.5
2.5,2.5,2.5,2.5
2.5,2.5,2.5,2.5
2.5,2.5,2.5,2.5
2.5,2.5,2.5,2.5
2.5,2.5,2.5,2.5
2.5,2.5,2.5,2.5
2.5,2.5,2.5,2.5
2.5,2.5,2.5,2.5
2.5,2.5,2.5,2.5
2.5,2.5,2.5,2.5
2.5,2.5,2.5,2.5
2.5,2.5,2.5,2.5
2.5,2.5,2.5,2.5
2.5,2.5,2.5,2.5
2.5,2.5,2.5,2.5
2.5,2.5,2.5,2.5
2.5,2.5,2.5,2.5
2.5,2.5,2.5,2.5
2.5,2.5,2.5,2.5
2.5,2.5,2.5,2.5
2.5,2.5,2.5,2.5
2.5,2.5,2.5,2.5
2.5,2.5,2.5,2.5
2.5,2.5,2.5,2.5
2.5,2.5,2.5,2.5
2.5,2.5,2.5,2.5
2.5,2.5,2.5,2.5
2.5,2.5,2.5,2.5
2.5,2.5,2.5,2.5
2.5,2.5,2.5,2.5
2.5,2.5,2.5,2.5
2.5,2.5,2.5,2.5
2.5,2.5,2.5,2.5
2.5,2.5,2.5,2.5
2.5,2.5,2.5,2.5
2.5,2.5,2.5,2.5
2.5,2.5,2.5,2.5
2.5,2.5,2.5,2.5
2.5,2.5,2.5,2.5
2.5,2.5,2.5,2.5
2.5,2.5,2.5,2.5
2.5,2.5,2.5,2.5
2.5,2.5,2.5,2.5
2.5,2.5,2.5,2.5
2.5,2.5,2.5,2.5
2.5,2.5,2.5,2.5
2.5,2.5,2.5,2.5
2.5,2.5,2.5,2.5
2.5,2.5,2.5,2.5
2.5,2.5,2.5,2.5
2.5,2.5,2.5,2.5
2.5,2.5,2.5,2.5
2.5,2.5,2.5,2.5
2.5,2.5,2.5,2.5
2.5,2.5,2.5,2.5
2.5,2.5,2.5,2.5
2.5,2.5,2.5,2.5
2.5,2.5,2.5,2.5
2.5,2.5,2.5,2.5
2.5,2.5,2.5,2.5
2.5,2.5,2.5,2.5
2.5,2.5,2.5,2.5
2.5,2.5,2.5,2.5
2.5,2.5,2.5,2.5
2.5,2.5,2.5,2.5
2.5,2.5,2.5,2.5
2.5,2.5,2.5,2.5
2.5,2.5,2.5,2.5
2.5,2.5,2.5,2.5
2.5,2.5,2.5,2.5
2.5,2.5,2.5,2.5
2.5,2.5,2.5,2.5
2.5,2.5,2.5,2.5
2.5,2.5,2.5,2.5
2.5,2.5,2.5,2.5
2.5,2.5,2.5,2.5
2.5,2.5,2.5,2.5
2.5,2.5,2.5,2.5
2.5,2.5,2.5,2.5
2.5,2.5,2.5,2.5
2.5,2.5,2.5,2.5
2.5,2.5,2.5,2.5
2.5,2.5,2.5,2.5
2.5,2.5,2.5,2.5
2.5,2.5,2.5,2.5
2.5,2.5,2.5,2.5
2.5,2.5,2.5,2.5
2.5,2.5,2.5,2.5
2.5,2.5,2.5,2.5
2.5,2.5,2.5,2.5
2.5,2.5,2.5,2.5
2.5,2.5,2.5,2.5
2.5,2.5,2.5,2.5
2.5,2.5,2.5,2.5
2.5,2.5,2.5,2.5
2.5,2.5,2.5,2.5
2.5,2.5,2.5,2.5
2.5,2.5,2.5,2.5
2.5,2.5,2.5,2.5
2.5,2.5,2.5,2.5
2.5,2.5,2.5,2.5
2.5,2.5,2.5,2.5
2.5,2.5,2.5,2.5
2.5,2.5,2.5,2.5
2.5,2.5,2.5,2.5
2.5,2.5,2.5,2.5
2.5,2.5,2.5,2.5
2.5,2.5,2.5,2.5
2.5,2.5,2.5,2.5
2.5,2.5,2.5,2.452
2.5,2.5,2.5,2.404
2.5,2.5,2.5,2.356
2.5,2.5,2.5,2.315
2.5,2.5,2.5,2.276
2.5,2.5,2.5,2.238
2.5,2.5,2.5,2.206
2.5,2.5,2.5,2.173
2.5,2.5,2.5,2.142
2.5,2.5,2.5,2.112
2.5,2.5,2.5,2.081
2.5,2.5,2.5,2.051
2.5,2.5,2.5,2.022
2.5,2.5,2.5,1.992
2.5,2.5,2.5,1.965
2.5,2.5,2.5,1.938
2.5,2.5,2.5,1.912
2.5,2.5,2.5,1.885
2.5,2.5,2.5,1.861
2.5,2.5,2.5,1.833
2.5,2.5,2.5,1.806
2.5,2.5,2.5,1.781
2.5,2.5,2.5,1.754
2.5,2.5,2.5,1.729
2.5,2.5,2.5,1.705
2.5,2.5,2.5,1.679
2.5,2.5,2.5,1.654
2.5,2.5,2.5,1.63
2.5,2.5,2.5,1.606
2.5,2.5,2.5,1.583
2.5,2.5,2.5,1.561
2.5,2.5,2.5,1.537
2.5,2.5,2.5,1.515
2.5,2.5,2.5,1.493
2.5,2.5,2.5,1.472
2.5,2.5,2.5,1.451
2.5,2.5,2.5,1.43
2.5,2.5,2.5,1.409
2.5,2.5,2.5,1.388
2.5,2.5,2.5,1.368
2.5,2.5,2.5,1.349
2.5,2.5,2.5,1.33
2.5,2.5,2.5,1.312
2.5,2.5,2.5,1.292
2.5,2.5,2.489,1.274
2.5,2.5,2.44,1.256
2.5,2.5,2.39,1.238
2.5,2.5,2.349,1.22
2.5,2.5,2.302,1.203
2.5,2.5,2.253,1.185
2.5,2.5,2.215,1.168
2.5,2.5,2.177,1.151
2.5,2.5,2.139,1.134
2.5,2.5,2.1,1.118
2.5,2.5,2.065,1.101
2.5,2.5,2.03,1.085
2.5,2.5,1.998,1.069
2.5,2.5,1.966,1.053
2.5,2.5,1.937,1.037
2.5,2.5,1.906,1.021
2.5,2.5,1.876,1.006
2.5,2.5,1.847,0.99
2.5,2.5,1.819,0.976
2.5,2.5,1.791,0.961
2.5,2.5,1.764,0.946
2.5,2.5,1.737,0.932
2.5,2.5,1.71,0.918
2.5,2.5,1.685,0.904
2.5,2.5,1.661,0.89
2.5,2.5,1.637,0.877
2.5,2.5,1.613,0.863
2.5,2.5,1.589,0.85
2.5,2.5,1.564,0.837
2.5,2.5,1.541,0.825
2.5,2.456,1.519,0.812
2.5,2.41,1.496,0.8
2.5,2.365,1.473,0.788
2.5,2.323,1.452,0.776
2.5,2.284,1.431,0.764
2.5,2.244,1.41,0.753
2.5,2.204,1.389,0.742
2.5,2.163,1.369,0.731
2.5,2.133,1.349,0.72
2.5,2.099,1.33,0.709
2.5,2.067,1.311,0.698
2.5,2.036,1.291,0.687
2.5,2.006,1.272,0.676
2.5,1.976,1.253,0.666
2.5,1.947,1.235,0.656
2.5,1.919,1.217,0.645
2.5,1.89,1.199,0.635
2.5,1.859,1.182,0.625
2.48,1.831,1.164,0.615
2.432,1.804,1.147,0.606
2.388,1.775,1.13,0.596
2.343,1.749,1.113,0.587
2.305,1.722,1.097,0.578
2.261,1.697,1.081,0.569
2.221,1.67,1.064,0.56
2.184,1.645,1.049,0.551
2.148,1.619,1.033,0.542
2.109,1.594,1.018,0.534
2.073,1.57,1.003,0.526
2.037,1.544,0.989,0.517
2.003,1.52,0.974,0.509
1.973,1.496,0.96,0.502
1.942,1.473,0.946,0.494
1.911,1.451,0.932,0.486
1.883,1.429,0.919,0.478
1.853,1.408,0.905,0.47
1.824,1.387,0.892,0.463
1.796,1.366,0.879,0.456
1.769,1.346,0.866,0.449
1.74,1.326,0.853,0.442
1.715,1.307,0.841,0.435
1.688,1.287,0.829,0.428
1.664,1.267,0.817,0.421
1.638,1.249,0.805,0.415
1.613,1.231,0.793,0.408
1.589,1.213,0.781,0.402
1.566,1.195,0.769,0.396
1.541,1.178,0.758,0.389
1.518,1.16,0.747,0.383
1.495,1.143,0.736,0.377
1.472,1.126,0.725,0.371
1.45,1.109,0.715,0.365
1.429,1.093,0.704,0.36
1.407,1.077,0.694,0.354
1.387,1.061,0.683,0.348
1.366,1.045,0.673,0.343
1.346,1.029,0.663,0.337
1.326,1.014,0.654,0.332
1.307,0.999,0.644,0.326
1.287,0.984,0.634,0.321
1.269,0.97,0.625,0.316
1.25,0.956,0.616,0.311
1.231,0.942,0.607,0.306
1.213,0.928,0.598,0.301
1.195,0.914,0.59,0.296
1.177,0.9,0.581,0.292
1.16,0.887,0.573,0.287
1.143,0.874,0.564,0.283
1.126,0.861,0.556,0.278
1.109,0.848,0.548,0.274
1.092,0.835,0.54,0.269
1.076,0.823,0.532,0.265
1.06,0.81,0.525,0.261
1.044,0.798,0.517,0.257
1.029,0.786,0.51,0.253
1.014,0.774,0.502,0.249
0.999,0.763,0.495,0.245
0.984,0.752,0.488,0.241
0.97,0.741,0.481,0.237
0.955,0.73,0.474,0.233
0.941,0.719,0.467,0.229
0.928,0.709,0.461,0.226
0.914,0.698,0.454,0.222
0.901,0.688,0.447,0.218
0.888,0.678,0.441,0.215
0.874,0.668,0.434,0.211
0.861,0.658,0.428,0.208
0.849,0.648,0.422,0.205
0.836,0.639,0.416,0.201
0.824,0.63,0.41,0.198
0.812,0.62,0.405,0.195
0.8,0.611,0.399,0.192
0.788,0.602,0.393,0.189
0.777,0.593,0.388,0.186
0.765,0.584,0.382,0.183
0.754,0.575,0.377,0.18
0.743,0.567,0.371,0.177
0.732,0.559,0.366,0.174
0.721,0.551,0.361,0.171
0.71,0.542,0.356,0.169
0.7,0.534,0.351,0.166
0.69,0.526,0.346,0.163
0.68,0.519,0.342,0.161
0.67,0.511,0.337,0.158
0.66,0.504,0.332,0.156
0.65,0.496,0.328,0.153
0.641,0.488,0.323,0.151
0.631,0.482,0.319,0.148
0.622,0.475,0.314,0.146
0.613,0.468,0.31,0.143
0.604,0.461,0.306,0.141
0.595,0.455,0.302,0.139
0.586,0.448,0.298,0.137
0.578,0.442,0.294,0.134
0.569,0.435,0.29,0.132
0.561,0.429,0.286,0.13
0.553,0.423,0.282,0.128
0.545,0.417,0.278,0.126
0.537,0.411,0.274,0.124
0.529,0.405,0.27,0.122
0.522,0.399,0.267,0.12
0.514,0.393,0.263,0.118
0.507,0.388,0.26,0.117
0.499,0.382,0.256,0.115
0.492,0.377,0.253,0.113
0.485,0.371,0.25,0.111
0.478,0.366,0.246,0.11
0.471,0.361,0.243,0.108
0.465,0.356,0.24,0.106
0.458,0.351,0.237,0.105
0.452,0.346,0.234,0.103
0.445,0.341,0.231,0.101
0.439,0.336,0.228,0.1
0.433,0.331,0.225,0.098
0.426,0.327,0.222,0.097
0.42,0.322,0.219,0.095
0.415,0.318,0.216,0.094
0.409,0.313,0.214,0.092
0.403,0.309,0.211,0.091
0.397,0.305,0.208,0.089
0.392,0.301,0.205,0.088
0.386,0.296,0.203,0.086
0.38,0.292,0.2,0.085
0.375,0.288,0.198,0.084
0.37,0.284,0.195,0.082
0.365,0.281,0.193,0.081
0.36,0.277,0.191,0.08
0.355,0.274,0.189,0.079
0.35,0.27,0.186,0.078
0.345,0.266,0.184,0.076
0.341,0.263,0.182,0.075
0.336,0.259,0.18,0.074
0.332,0.256,0.178,0.073
0.327,0.252,0.176,0.072
0.323,0.249,0.174,0.071
0.318,0.245,0.172,0.07
0.314,0.242,0.17,0.069
0.309,0.239,0.168,0.068
0.305,0.235,0.166,0.067
0.3,0.232,0.164,0.065
0.296,0.229,0.162,0.064
0.292,0.226,0.16,0.063
0.288,0.223,0.158,0.062
0.284,0.22,0.156,0.061
0.281,0.217,0.154,0.061
0.277,0.214,0.152,0.06
0.274,0.212,0.151,0.059
0.271,0.209,0.149,0.058
0.268,0.207,0.148,0.057
0.265,0.205,0.146,0.056
0.263,0.203,0.144,0.056
0.26,0.2,0.142,0.055
0.257,0.198,0.14,0.054
0.254,0.195,0.138,0.054
0.25,0.192,0.136,0.053
0.247,0.189,0.133,0.052
0.243,0.187,0.131,0.052
0.239,0.184,0.129,0.051
0.235,0.181,0.127,0.05
0.231,0.178,0.126,0.049
0.227,0.176,0.125,0.049
0.223,0.173,0.124,0.048
0.219,0.171,0.124,0.047
0.216,0.17,0.124,0.046
0.213,0.168,0.124,0.046
0.211,0.167,0.124,0.045
0.209,0.166,0.124,0.044
0.207,0.165,0.124,0.044
0.206,0.164,0.124,0.043
0.205,0.163,0.124,0.042
0.203,0.162,0.123,0.042
0.202,0.161,0.123,0.041
0.2,0.159,0.121,0.041
0.198,0.157,0.12,0.04
0.195,0.155,0.118,0.039
0.193,0.153,0.117,0.039
0.19,0.151,0.115,0.038
0.188,0.149,0.113,0.037
0.185,0.147,0.111,0.037
0.183,0.145,0.11,0.036
0.18,0.143,0.108,0.036
0.178,0.141,0.107,0.035
0.176,0.139,0.106,0.035
0.174,0.137,0.105,0.034
0.172,0.136,0.104,0.034
0.17,0.134,0.103,0.033
0.168,0.133,0.102,0.033
0.166,0.131,0.101,0.032
0.164,0.13,0.1,0.032
0.163,0.129,0.099,0.032
0.161,0.127,0.098,0.031
0.159,0.126,0.097,0.031
0.157,0.125,0.097,0.03
0.156,0.124,0.096,0.03
0.154,0.122,0.095,0.03
0.152,0.121,0.094,0.029
0.151,0.12,0.093,0.029
0.149,0.118,0.093,0.028
0.147,0.117,0.092,0.028
0.146,0.116,0.091,0.028
0.144,0.114,0.09,0.027
0.143,0.113,0.09,0.027
0.141,0.112,0.089,0.026
0.14,0.111,0.088,0.026
0.138,0.11,0.088,0.026
0.137,0.109,0.087,0.026
0.135,0.108,0.086,0.025
0.134,0.107,0.086,0.025
0.133,0.106,0.085,0.025
0.131,0.105,0.085,0.024
0.13,0.104,0.084,0.024
0.129,0.103,0.083,0.023
0.127,0.102,0.083,0.023
0.126,0.102,0.082,0.023
0.125,0.101,0.082,0.023
0.124,0.1,0.081,0.022
0.123,0.099,0.081,0.022
0.121,0.098,0.08,0.022
0.12,0.097,0.079,0.022
0.119,0.096,0.079,0.021
0.118,0.095,0.078,0.021
0.117,0.094,0.078,0.021
0.115,0.093,0.077,0.02
0.114,0.092,0.077,0.02
0.113,0.091,0.076,0.02
0.112,0.09,0.076,0.019
0.111,0.09,0.075,0.019
0.11,0.089,0.075,0.019
0.109,0.088,0.074,0.019
0.108,0.088,0.074,0.019
0.107,0.087,0.073,0.018
0.106,0.086,0.073,0.018
0.105,0.085,0.072,0.018
0.104,0.085,0.072,0.018
0.103,0.084,0.072,0.018
0.102,0.083,0.071,0.017
0.101,0.083,0.071,0.017
0.101,0.082,0.07,0.017
0.1,0.081,0.07,0.017
0.099,0.081,0.07,0.017
0.098,0.08,0.069,0.016
0.097,0.08,0.069,0.016
0.096,0.079,0.069,0.016
0.095,0.078,0.068,0.016
0.095,0.077,0.067,0.015
0.094,0.077,0.067,0.015
0.093,0.076,0.067,0.015
0.092,0.076,0.066,0.015
0.091,0.075,0.066,0.014
0.09,0.075,0.066,0.014
0.09,0.074,0.065,0.014
0.089,0.074,0.065,0.014
0.088,0.073,0.065,0.014
0.088,0.073,0.064,0.014
0.087,0.072,0.064,0.013
0.086,0.071,0.064,0.013
0.085,0.071,0.063,0.013
0.085,0.071,0.063,0.013
0.084,0.07,0.063,0.013
0.083,0.07,0.062,0.013
0.083,0.069,0.062,0.013
0.082,0.069,0.062,0.013
0.081,0.068,0.062,0.013
0.081,0.068,0.061,0.012
0.08,0.067,0.061,0.012
0.08,0.067,0.061,0.012
0.079,0.066,0.06,0.012
0.078,0.066,0.06,0.012
0.078,0.065,0.06,0.012
0.077,0.064,0.059,0.012
0.077,0.064,0.059,0.012
0.076,0.064,0.059,0.011
0.075,0.063,0.058,0.011
0.075,0.063,0.058,0.011
0.074,0.062,0.058,0.011
0.074,0.062,0.057,0.01
0.073,0.061,0.057,0.01
0.072,0.061,0.057,0.01
0.072,0.06,0.056,0.01
0.071,0.06,0.056,0.01
0.071,0.06,0.056,0.009
0.07,0.059,0.055,0.009
0.07,0.059,0.055,0.009
0.069,0.059,0.055,0.009
0.069,0.058,0.055,0.009
0.068,0.058,0.055,0.009
0.068,0.058,0.054,0.009
0.068,0.057,0.054,0.009
0.067,0.057,0.054,0.009
0.067,0.057,0.054,0.009
0.066,0.057,0.054,0.009
0.066,0.056,0.054,0.009
0.066,0.056,0.054,0.009
0.065,0.056,0.053,0.008
0.065,0.055,0.053,0.009
0.064,0.055,0.053,0.008
0.064,0.055,0.053,0.008
0.063,0.054,0.053,0.008
0.063,0.054,0.052,0.008
0.063,0.054,0.052,0.008
0.062,0.053,0.052,0.008
0.062,0.053,0.052,0.008
0.062,0.053,0.052,0.008
0.061,0.053,0.051,0.008
0.061,0.052,0.051,0.007
0.06,0.052,0.051,0.007
0.06,0.052,0.051,0.007
0.06,0.052,0.051,0.007
0.059,0.051,0.051,0.007
0.059,0.051,0.051,0.007
0.059,0.051,0.05,0.007
0.059,0.051,0.05,0.007
0.058,0.05,0.05,0.007
0.058,0.05,0.05,0.007
0.058,0.05,0.049,0.007
0.057,0.049,0.049,0.007
0.057,0.049,0.049,0.007
0.056,0.049,0.049,0.007
0.056,0.049,0.049,0.006
0.056,0.049,0.049,0.006
0.055,0.048,0.048,0.006
0.055,0.048,0.048,0.006
0.055,0.048,0.048,0.006
0.055,0.048,0.048,0.006
0.054,0.048,0.048,0.006
0.054,0.048,0.048,0.006
0.054,0.047,0.047,0.006
0.053,0.047,0.047,0.006
0.053,0.047,0.047,0.006
0.053,0.047,0.047,0.006
0.053,0.047,0.047,0.006
0.053,0.047,0.047,0.006
0.052,0.047,0.047,0.006
0.052,0.046,0.047,0.005
0.052,0.046,0.047,0.005
0.052,0.046,0.047,0.005
0.051,0.046,0.047,0.005
0.051,0.045,0.047,0.005
0.051,0.045,0.046,0.005
0.051,0.045,0.046,0.005
0.051,0.045,0.046,0.005
0.05,0.045,0.046,0.005
0.05,0.045,0.046,0.005
0.05,0.045,0.046,0.005
0.05,0.044,0.046,0.005
0.049,0.044,0.046,0.005
0.049,0.044,0.046,0.005
0.049,0.044,0.045,0.005
0.049,0.044,0.045,0.005
0.048,0.044,0.045,0.005
0.048,0.043,0.045,0.005
0.048,0.043,0.045,0.005
0.048,0.043,0.045,0.004
0.048,0.043,0.045,0.004
0.047,0.043,0.045,0.004
0.047,0.043,0.045,0.004
0.047,0.042,0.045,0.004
0.047,0.042,0.044,0.004
0.047,0.042,0.044,0.004
0.047,0.042,0.044,0.004
0.046,0.042,0.044,0.004
0.046,0.042,0.044,0.004
0.046,0.042,0.044,0.004
0.046,0.042,0.044,0.004
0.046,0.042,0.044,0.004
0.046,0.042,0.044,0.004
0.046,0.042,0.044,0.004
0.046,0.042,0.044,0.004
0.046,0.041,0.044,0.004
0.046,0.041,0.044,0.004
0.045,0.041,0.044,0.004
0.045,0.041,0.044,0.004
0.045,0.041,0.043,0.004
0.045,0.041,0.043,0.004
0.045,0.04,0.043,0.004
0.045,0.04,0.043,0.004
0.044,0.04,0.043,0.004
0.044,0.04,0.043,0.003
0.044,0.04,0.043,0.003
0.044,0.04,0.043,0.003
0.044,0.039,0.043,0.003
0.044,0.039,0.043,0.003
0.043,0.039,0.042,0.003
0.043,0.039,0.042,0.003
0.043,0.039,0.042,0.003
0.043,0.039,0.042,0.003
0.043,0.039,0.042,0.003
0.043,0.039,0.042,0.003
0.043,0.039,0.042,0.003
0.043,0.039,0.042,0.003
0.043,0.039,0.042,0.003
0.043,0.039,0.042,0.003
0.042,0.039,0.042,0.003
0.042,0.039,0.042,0.003
0.042,0.039,0.042,0.003
0.042,0.039,0.042,0.003
0.042,0.039,0.042,0.003
0.042,0.038,0.042,0.003
0.042,0.038,0.042,0.003
0.042,0.038,0.042,0.003
0.042,0.038,0.042,0.003
0.042,0.038,0.042,0.003
0.042,0.038,0.042,0.003
0.042,0.038,0.041,0.003
0.042,0.038,0.041,0.003
0.041,0.038,0.041,0.003
0.041,0.038,0.041,0.003
0.041,0.038,0.041,0.003
0.041,0.038,0.041,0.003
0.041,0.038,0.041,0.003
0.041,0.038,0.041,0.003
0.041,0.038,0.041,0.003
0.041,0.038,0.041,0.003
0.041,0.038,0.041,0.003
0.041,0.038,0.041,0.003
0.041,0.038,0.041,0.003
0.041,0.037,0.041,0.003
0.041,0.037,0.041,0.003
0.04,0.037,0.041,0.003
0.04,0.037,0.041,0.003
0.04,0.037,0.041,0.003
0.04,0.037,0.041,0.003
0.04,0.037,0.041,0.003
0.04,0.037,0.04,0.003
0.04,0.037,0.041,0.003
0.04,0.037,0.04,0.003
0.04,0.037,0.04,0.003
0.04,0.037,0.04,0.003
0.04,0.036,0.04,0.003
0.04,0.036,0.04,0.003
0.04,0.037,0.04,0.003
0.04,0.037,0.04,0.003
0.04,0.037,0.04,0.003
0.04,0.037,0.04,0.003
0.04,0.036,0.04,0.003
0.04,0.036,0.04,0.003
0.04,0.036,0.041,0.003
0.04,0.036,0.04,0.003
0.04,0.036,0.041,0.003
0.04,0.036,0.041,0.003
0.04,0.036,0.041,0.003
0.039,0.036,0.04,0.003
0.039,0.036,0.04,0.003
0.039,0.036,0.04,0.003
0.039,0.036,0.04,0.003
0.039,0.036,0.04,0.003
0.039,0.036,0.04,0.003
0.039,0.036,0.04,0.003
0.039,0.036,0.04,0.003
0.039,0.036,0.04,0.003
0.039,0.036,0.04,0.003
0.039,0.036,0.04,0.003
0.039,0.036,0.04,0.003
0.039,0.036,0.04,0.003
0.039,0.036,0.04,0.003
0.039,0.036,0.04,0.003
0.039,0.036,0.04,0.003
0.039,0.036,0.04,0.003
0.039,0.036,0.04,0.003
0.039,0.036,0.04,0.003
0.039,0.036,0.04,0.003
0.039,0.036,0.04,0.003
0.039,0.036,0.04,0.003
0.039,0.036,0.04,0.003
0.038,0.035,0.04,0.003
0.038,0.035,0.04,0.003
0.038,0.035,0.04,0.002
0.038,0.035,0.039,0.002
0.038,0.035,0.04,0.003
0.038,0.035,0.039,0.002
0.038,0.035,0.039,0.002
0.038,0.035,0.039,0.002
0.038,0.035,0.039,0.002
0.038,0.035,0.039,0.002
0.038,0.035,0.039,0.002
0.038,0.034,0.039,0.002
0.038,0.034,0.039,0.002
0.038,0.035,0.039,0.002
0.038,0.034,0.039,0.002
0.038,0.034,0.039,0.002
0.038,0.034,0.039,0.002
0.038,0.034,0.039,0.002
0.038,0.034,0.039,0.002
0.038,0.034,0.039,0.002
0.038,0.035,0.039,0.002
0.038,0.034,0.039,0.002
0.038,0.034,0.039,0.002
0.038,0.035,0.039,0.002
0.038,0.035,0.039,0.002
0.038,0.035,0.039,0.003
0.038,0.035,0.039,0.003
0.038,0.035,0.039,0.003
0.038,0.035,0.04,0.003
0.038,0.035,0.039,0.003
0.038,0.035,0.039,0.003
0.038,0.035,0.039,0.003
0.038,0.035,0.039,0.003
0.038,0.035,0.039,0.003
0.038,0.035,0.039,0.003
0.038,0.035,0.039,0.003
0.038,0.035,0.039,0.003
0.038,0.035,0.039,0.003
0.038,0.034,0.039,0.003
0.038,0.035,0.039,0.003
0.038,0.034,0.039,0.002
0.038,0.034,0.039,0.002
0.038,0.034,0.039,0.002
0.038,0.034,0.039,0.002
0.038,0.034,0.039,0.002
0.038,0.034,0.039,0.002
0.038,0.034,0.039,0.002
0.038,0.034,0.039,0.002
0.038,0.034,0.039,0.002
0.038,0.034,0.039,0.002
0.038,0.034,0.039,0.002
0.038,0.034,0.039,0.002
0.038,0.034,0.039,0.002
0.038,0.034,0.039,0.002
0.038,0.034,0.039,0.002
0.038,0.034,0.039,0.002
0.038,0.034,0.039,0.002
0.038,0.034,0.039,0.002
0.038,0.034,0.039,0.002
0.038,0.034,0.039,0.002
0.038,0.034,0.039,0.002
0.038,0.034,0.039,0.002
0.038,0.034,0.039,0.002
0.038,0.034,0.039,0.002
0.038,0.034,0.039,0.002
0.038,0.034,0.039,0.002
0.038,0.034,0.039,0.002
0.038,0.034,0.039,0.002
0.038,0.034,0.038,0.002
0.038,0.034,0.038,0.002
0.038,0.034,0.038,0.002
0.038,0.034,0.038,0.002
0.038,0.034,0.038,0.002
0.038,0.034,0.038,0.002
0.038,0.034,0.038,0.002
0.038,0.034,0.038,0.002
0.038,0.034,0.038,0.002
0.038,0.035,0.039,0.002
0.038,0.035,0.039,0.002
0.038,0.035,0.039,0.002
0.038,0.035,0.039,0.002
0.038,0.034,0.039,0.002
0.038,0.034,0.039,0.002
0.038,0.034,0.039,0.002
0.038,0.034,0.039,0.002
0.038,0.034,0.038,0.002
0.038,0.034,0.038,0.002
0.038,0.034,0.038,0.002
0.038,0.034,0.038,0.002
0.038,0.034,0.038,0.002
0.038,0.034,0.038,0.002
0.038,0.034,0.038,0.002
0.038,0.033,0.038,0.002
0.038,0.033,0.038,0.002
0.038,0.033,0.038,0.002
0.038,0.033,0.038,0.002
0.038,0.033,0.038,0.002
0.038,0.033,0.038,0.002
0.038,0.033,0.038,0.002
0.038,0.033,0.038,0.002
0.038,0.034,0.038,0.002
0.038,0.034,0.038,0.002
0.038,0.034,0.038,0.002
0.038,0.034,0.038,0.002
0.038,0.034,0.038,0.002
0.038,0.034,0.038,0.002
0.038,0.034,0.038,0.002
0.038,0.034,0.038,0.002
0.038,0.034,0.038,0.002
0.038,0.034,0.038,0.002
0.038,0.034,0.038,0.002
0.038,0.034,0.038,0.002
0.038,0.034,0.038,0.002
0.038,0.034,0.038,0.002
0.038,0.034,0.038,0.002
0.038,0.033,0.038,0.002
0.038,0.033,0.038,0.002
0.038,0.033,0.038,0.002
0.038,0.033,0.038,0.002
0.038,0.033,0.038,0.002
0.038,0.033,0.038,0.002
0.038,0.033,0.038,0.002
0.038,0.033,0.038,0.002
0.038,0.033,0.038,0.002
0.038,0.033,0.038,0.002
0.038,0.033,0.038,0.002
0.038,0.033,0.038,0.002
0.038,0.033,0.038,0.002
0.038,0.033,0.038,0.003
0.038,0.033,0.038,0.003
0.038,0.033,0.038,0.003
0.038,0.033,0.038,0.003
0.038,0.033,0.038,0.003
0.038,0.033,0.038,0.002
0.038,0.033,0.038,0.002
0.038,0.033,0.038,0.002
0.038,0.033,0.038,0.002
0.038,0.033,0.038,0.002
0.038,0.033,0.038,0.002
0.038,0.033,0.038,0.002
0.038,0.033,0.038,0.002
0.038,0.032,0.038,0.002
0.038,0.032,0.037,0.002
0.038,0.032,0.037,0.002
0.038,0.032,0.037,0.002
0.038,0.032,0.037,0.002
0.038,0.032,0.037,0.002
0.038,0.032,0.037,0.002
0.038,0.033,0.037,0.002
0.038,0.033,0.037,0.002
0.038,0.033,0.037,0.002
0.038,0.033,0.037,0.002
0.038,0.033,0.037,0.002
0.038,0.033,0.037,0.002
0.038,0.033,0.037,0.002
0.038,0.033,0.037,0.002
0.038,0.033,0.037,0.002
0.038,0.033,0.037,0.002
0.038,0.033,0.037,0.002
0.038,0.033,0.038,0.002
0.038,0.033,0.038,0.002
0.038,0.033,0.038,0.002
0.038,0.033,0.038,0.002
0.038,0.033,0.038,0.002
0.038,0.033,0.038,0.002
0.038,0.033,0.038,0.002
0.038,0.033,0.037,0.002
0.038,0.033,0.037,0.002
0.038,0.033,0.037,0.002
0.038,0.033,0.037,0.002
0.038,0.033,0.037,0.002
0.038,0.033,0.037,0.002
0.038,0.033,0.037,0.002
0.038,0.033,0.037,0.002
0.038,0.033,0.037,0.002
0.038,0.033,0.037,0.002
0.039,0.033,0.037,0.002
0.039,0.033,0.037,0.002
0.039,0.033,0.037,0.002
0.039,0.033,0.038,0.002
0.039,0.033,0.037,0.002
0.039,0.033,0.038,0.002
0.039,0.033,0.038,0.002
0.039,0.033,0.038,0.002
0.039,0.033,0.038,0.002
0.039,0.033,0.038,0.002
0.039,0.033,0.038,0.002
0.039,0.033,0.038,0.002
0.039,0.033,0.038,0.002
0.039,0.033,0.038,0.002
0.039,0.033,0.038,0.002
0.038,0.033,0.038,0.002
0.038,0.033,0.038,0.002
0.038,0.033,0.038,0.002
0.039,0.033,0.038,0.002
0.038,0.033,0.038,0.003
0.038,0.033,0.038,0.003
0.038,0.033,0.038,0.003
0.038,0.033,0.038,0.003
0.038,0.033,0.038,0.002
0.038,0.033,0.038,0.003
0.038,0.033,0.038,0.002
0.039,0.033,0.038,0.002
0.038,0.033,0.038,0.003
0.038,0.033,0.038,0.002
0.039,0.033,0.038,0.002
0.039,0.033,0.038,0.002
0.039,0.033,0.038,0.002
0.039,0.033,0.038,0.002
0.039,0.033,0.038,0.002
0.039,0.033,0.038,0.002
0.039,0.032,0.038,0.002
0.039,0.032,0.038,0.002
0.039,0.033,0.038,0.002
0.039,0.033,0.038,0.002
0.039,0.032,0.037,0.002
0.039,0.032,0.037,0.002
0.039,0.032,0.037,0.002
0.039,0.032,0.038,0.002
0.039,0.032,0.038,0.002
0.039,0.032,0.038,0.002
0.039,0.032,0.037,0.002
0.039,0.032,0.037,0.002
0.039,0.032,0.037,0.002
0.038,0.032,0.037,0.002
0.038,0.032,0.037,0.002
0.038,0.032,0.037,0.002
0.038,0.032,0.037,0.002
0.038,0.032,0.037,0.002
0.038,0.032,0.037,0.002
0.038,0.032,0.037,0.002
0.038,0.032,0.037,0.002
0.039,0.032,0.037,0.002
0.039,0.032,0.037,0.002
0.039,0.032,0.037,0.002
0.039,0.032,0.037,0.002
0.039,0.032,0.037,0.002
0.039,0.032,0.037,0.002
0.039,0.032,0.037,0.002
0.039,0.031,0.037,0.002
0.039,0.031,0.037,0.002
0.039,0.031,0.037,0.002
0.039,0.031,0.037,0.002
0.039,0.031,0.037,0.002
0.039,0.031,0.037,0.002
0.039,0.031,0.037,0.002
0.039,0.032,0.037,0.002
0.039,0.032,0.037,0.002
0.039,0.032,0.037,0.002
0.039,0.032,0.036,0.002
0.039,0.032,0.036,0.001
0.039,0.032,0.036,0.001
0.039,0.032,0.036,0.001
0.039,0.032,0.036,0.001
0.039,0.032,0.036,0.001
0.039,0.032,0.036,0.001
0.038,0.032,0.036,0.001
0.038,0.032,0.036,0.001
0.038,0.032,0.036,0.001
0.038,0.031,0.036,0.001
0.038,0.032,0.036,0.001
0.038,0.032,0.036,0.001
0.038,0.031,0.037,0.001
0.038,0.031,0.037,0.001
0.038,0.031,0.036,0.001
0.038,0.031,0.036,0.002
0.038,0.031,0.036,0.002
0.038,0.031,0.036,0.002
0.038,0.031,0.036,0.002
0.039,0.031,0.036,0.002
0.039,0.031,0.036,0.002
0.039,0.031,0.036,0.002
0.039,0.031,0.036,0.002
0.039,0.031,0.036,0.002
0.039,0.031,0.036,0.002
0.039,0.031,0.036,0.002
0.039,0.031,0.036,0.002
0.039,0.031,0.036,0.002
0.039,0.031,0.036,0.002
0.039,0.031,0.036,0.002
0.039,0.031,0.036,0.002
0.039,0.031,0.036,0.002
0.039,0.031,0.036,0.002
0.039,0.031,0.036,0.002
0.039,0.031,0.036,0.002
0.039,0.032,0.037,0.002
0.039,0.032,0.036,0.002
0.039,0.032,0.036,0.002
0.039,0.032,0.036,0.002
0.039,0.032,0.036,0.002
0.039,0.032,0.036,0.002
0.039,0.032,0.036,0.002
0.04,0.032,0.036,0.002
0.04,0.032,0.036,0.002
0.04,0.032,0.036,0.002
0.04,0.032,0.036,0.003
0.04,0.032,0.036,0.002
0.04,0.032,0.036,0.002
0.04,0.032,0.036,0.002
0.04,0.032,0.036,0.002
0.04,0.032,0.036,0.002
0.04,0.032,0.036,0.002
0.04,0.032,0.036,0.002
0.04,0.032,0.036,0.002
0.04,0.032,0.036,0.002
0.04,0.032,0.036,0.002
0.04,0.032,0.037,0.002
0.04,0.032,0.037,0.002
0.04,0.032,0.037,0.002
0.04,0.032,0.037,0.002
0.04,0.032,0.037,0.003
0.04,0.032,0.037,0.003
0.04,0.032,0.037,0.003
0.04,0.032,0.037,0.003
0.04,0.032,0.037,0.003
0.04,0.032,0.037,0.003
0.04,0.032,0.037,0.003
0.04,0.032,0.037,0.003
0.04,0.032,0.037,0.003
0.04,0.032,0.037,0.003
0.04,0.032,0.037,0.003
0.04,0.032,0.037,0.003
0.04,0.032,0.037,0.003
0.04,0.032,0.037,0.003
0.04,0.032,0.037,0.003
0.04,0.032,0.037,0.003
0.04,0.032,0.037,0.003
0.04,0.032,0.037,0.003
0.04,0.032,0.037,0.003
0.04,0.032,0.037,0.003
0.04,0.032,0.037,0.003
0.04,0.032,0.037,0.003
0.04,0.032,0.037,0.003
0.04,0.032,0.037,0.003
0.04,0.032,0.037,0.003
0.04,0.032,0.037,0.002
0.04,0.032,0.037,0.002
0.04,0.032,0.037,0.002
0.04,0.032,0.037,0.002
0.04,0.032,0.037,0.002
0.04,0.032,0.037,0.002
0.04,0.032,0.037,0.002
0.04,0.032,0.037,0.002
0.04,0.032,0.036,0.002
0.04,0.032,0.036,0.002
0.04,0.032,0.036,0.002
0.04,0.031,0.036,0.002
0.04,0.031,0.036,0.002
0.04,0.031,0.036,0.003
0.04,0.031,0.036,0.003
0.04,0.031,0.036,0.003
0.04,0.031,0.036,0.003
0.04,0.031,0.036,0.003
0.04,0.031,0.036,0.003
0.04,0.031,0.036,0.003
0.04,0.032,0.036,0.003
0.04,0.032,0.036,0.003
0.04,0.032,0.036,0.003
0.04,0.032,0.036,0.003
0.04,0.032,0.036,0.003
0.041,0.032,0.036,0.003
0.041,0.032,0.036,0.003
0.041,0.032,0.036,0.003
0.041,0.032,0.036,0.003
0.041,0.032,0.036,0.003
0.041,0.032,0.036,0.003
0.04,0.032,0.036,0.003
0.041,0.032,0.036,0.003
0.04,0.032,0.036,0.003
0.041,0.032,0.036,0.003
0.04,0.032,0.036,0.003
0.04,0.032,0.036,0.003
0.04,0.032,0.036,0.003
0.04,0.032,0.036,0.003
0.04,0.032,0.036,0.003
0.041,0.032,0.036,0.003
0.04,0.031,0.036,0.003
0.041,0.031,0.036,0.003
0.041,0.031,0.036,0.003
0.041,0.031,0.036,0.003
0.041,0.031,0.036,0.003
0.041,0.031,0.036,0.003
0.041,0.031,0.036,0.003
0.041,0.031,0.036,0.003
0.041,0.031,0.036,0.003
0.041,0.031,0.036,0.003
0.041,0.031,0.036,0.003
0.041,0.031,0.036,0.003
0.041,0.031,0.036,0.003
0.041,0.031,0.036,0.003
0.041,0.031,0.036,0.004
0.041,0.031,0.036,0.004
0.041,0.031,0.036,0.004
0.041,0.031,0.036,0.004
0.041,0.032,0.036,0.004
0.041,0.031,0.036,0.004
0.041,0.031,0.036,0.004
0.041,0.032,0.036,0.004
0.041,0.032,0.036,0.004
0.041,0.031,0.036,0.004
0.041,0.031,0.036,0.004
0.041,0.031,0.036,0.004
0.041,0.031,0.036,0.004
0.041,0.031,0.035,0.004
0.041,0.031,0.035,0.004
0.041,0.031,0.035,0.004
0.041,0.031,0.035,0.004
0.041,0.031,0.035,0.003
0.04,0.031,0.035,0.003
0.041,0.031,0.035,0.003
0.04,0.031,0.035,0.003
0.04,0.031,0.035,0.003
0.04,0.031,0.035,0.003
0.04,0.031,0.035,0.003
0.04,0.031,0.035,0.003
0.04,0.031,0.035,0.003
0.04,0.031,0.035,0.003
0.04,0.031,0.034,0.003
0.04,0.031,0.034,0.003
0.04,0.031,0.034,0.003
0.04,0.03,0.034,0.003
0.04,0.03,0.034,0.003
0.04,0.03,0.034,0.003
0.04,0.03,0.034,0.003
0.04,0.03,0.034,0.003
0.04,0.03,0.034,0.003
0.04,0.031,0.034,0.003
0.04,0.03,0.034,0.003
0.04,0.03,0.034,0.003
0.04,0.03,0.034,0.003
0.04,0.03,0.034,0.004
0.04,0.031,0.034,0.004
0.041,0.031,0.034,0.004
0.041,0.031,0.034,0.004
0.041,0.031,0.034,0.004
0.041,0.031,0.035,0.004
0.041,0.031,0.035,0.005
0.041,0.031,0.035,0.005
0.041,0.032,0.035,0.005
0.041,0.032,0.035,0.005
0.041,0.032,0.035,0.005
0.041,0.032,0.035,0.005
0.041,0.032,0.035,0.005
0.041,0.032,0.035,0.005
0.041,0.032,0.035,0.005
0.041,0.032,0.035,0.005
0.041,0.032,0.035,0.005
0.041,0.032,0.035,0.005
0.041,0.032,0.034,0.005
0.041,0.032,0.034,0.005
0.041,0.032,0.034,0.005
0.041,0.031,0.034,0.005
0.041,0.031,0.034,0.005
0.041,0.031,0.034,0.005
0.041,0.031,0.034,0.005
0.041,0.031,0.034,0.005
0.041,0.031,0.034,0.005
0.041,0.031,0.034,0.005
0.041,0.031,0.034,0.005
0.04,0.031,0.034,0.005
0.04,0.031,0.034,0.005
0.04,0.031,0.034,0.004
0.04,0.031,0.034,0.004
0.04,0.031,0.034,0.004
0.04,0.031,0.033,0.004
0.04,0.031,0.034,0.004
0.04,0.031,0.034,0.004
0.04,0.031,0.033,0.004
0.04,0.031,0.033,0.004
0.04,0.031,0.033,0.004
0.04,0.031,0.033,0.004
0.04,0.031,0.033,0.005
0.04,0.031,0.033,0.005
0.04,0.031,0.033,0.005
0.041,0.031,0.033,0.005
0.04,0.031,0.033,0.005
0.04,0.031,0.033,0.005
0.04,0.031,0.033,0.005
0.04,0.031,0.033,0.006
0.04,0.032,0.033,0.006
0.04,0.032,0.033,0.006
0.04,0.031,0.033,0.006
0.04,0.031,0.033,0.006
0.04,0.031,0.033,0.006
0.04,0.031,0.033,0.006
0.04,0.031,0.033,0.006
0.04,0.031,0.033,0.006
0.04,0.031,0.033,0.006
0.04,0.031,0.033,0.006
0.04,0.031,0.033,0.006
0.041,0.031,0.033,0.006
0.041,0.031,0.033,0.006
0.041,0.031,0.033,0.006
0.041,0.031,0.033,0.006
0.041,0.03,0.033,0.006
0.041,0.03,0.033,0.006
0.041,0.031,0.033,0.006
0.041,0.031,0.033,0.006
0.041,0.031,0.033,0.006
0.041,0.031,0.033,0.006
0.041,0.031,0.033,0.006
0.041,0.031,0.033,0.006
0.041,0.032,0.033,0.006
0.041,0.032,0.033,0.006
0.041,0.032,0.033,0.006
0.041,0.032,0.033,0.006
0.041,0.032,0.033,0.006
0.041,0.032,0.033,0.006
0.041,0.032,0.033,0.006
0.041,0.031,0.033,0.006
0.041,0.031,0.033,0.006
0.041,0.031,0.033,0.006
0.041,0.031,0.033,0.006
0.041,0.031,0.033,0.006
0.041,0.031,0.033,0.006
0.041,0.031,0.033,0.006
0.041,0.031,0.033,0.006
0.04,0.031,0.033,0.006
0.04,0.03,0.033,0.006
0.04,0.03,0.033,0.007
0.04,0.03,0.033,0.006
0.04,0.03,0.033,0.006
0.04,0.03,0.033,0.006
0.04,0.03,0.033,0.006
0.04,0.03,0.033,0.006
0.04,0.03,0.032,0.006
0.04,0.03,0.032,0.006
0.04,0.03,0.032,0.007
0.04,0.03,0.032,0.007
0.041,0.031,0.033,0.007
0.041,0.031,0.033,0.007
0.041,0.031,0.033,0.007
0.041,0.031,0.033,0.007
0.041,0.031,0.033,0.007
0.041,0.031,0.033,0.007
0.041,0.031,0.033,0.007
0.041,0.032,0.033,0.007
0.041,0.032,0.033,0.007
0.041,0.032,0.033,0.007
0.041,0.032,0.033,0.008
0.041,0.032,0.033,0.008
0.041,0.033,0.033,0.008
0.041,0.033,0.033,0.008
0.041,0.033,0.033,0.008
0.041,0.032,0.033,0.008
0.041,0.033,0.033,0.008
0.041,0.033,0.033,0.008
0.041,0.033,0.033,0.008
0.041,0.033,0.033,0.008
0.041,0.033,0.033,0.008
0.042,0.033,0.033,0.008
0.042,0.033,0.033,0.009
0.042,0.033,0.033,0.009
0.041,0.033,0.033,0.009
0.041,0.033,0.033,0.009
0.042,0.033,0.033,0.009
0.041,0.033,0.033,0.009
0.041,0.033,0.033,0.009
0.041,0.032,0.033,0.009
0.041,0.032,0.033,0.009
0.041,0.033,0.033,0.009
0.041,0.033,0.033,0.009
0.042,0.033,0.033,0.009
0.042,0.033,0.033,0.009
0.041,0.033,0.033,0.009
0.042,0.033,0.033,0.009
0.042,0.033,0.032,0.009
0.041,0.033,0.032,0.009
0.041,0.033,0.032,0.009
0.041,0.032,0.032,0.009
0.041,0.032,0.032,0.009
0.041,0.032,0.032,0.009
0.041,0.032,0.032,0.009
0.041,0.032,0.032,0.009
0.041,0.032,0.032,0.009
0.041,0.032,0.031,0.009
0.041,0.032,0.031,0.009
0.041,0.032,0.031,0.009
0.041,0.032,0.031,0.009
0.041,0.032,0.031,0.009
0.041,0.032,0.032,0.009
0.042,0.032,0.032,0.009
0.042,0.033,0.032,0.009
0.042,0.033,0.032,0.009
0.042,0.033,0.032,0.01
0.042,0.033,0.033,0.01
0.043,0.033,0.033,0.01
0.042,0.033,0.033,0.01
0.042,0.033,0.033,0.01
0.042,0.033,0.033,0.01
0.042,0.033,0.033,0.01
0.042,0.033,0.033,0.01
0.042,0.033,0.033,0.01
0.042,0.033,0.033,0.01
0.042,0.033,0.033,0.01
0.043,0.033,0.034,0.01
0.043,0.033,0.034,0.011
0.043,0.034,0.034,0.011
0.043,0.034,0.034,0.011
0.043,0.034,0.034,0.011
0.043,0.034,0.034,0.011
0.043,0.034,0.034,0.011
0.043,0.034,0.033,0.011
0.042,0.034,0.033,0.011
0.042,0.034,0.033,0.01
0.042,0.034,0.033,0.01
0.042,0.034,0.033,0.01
0.042,0.034,0.033,0.01
0.042,0.034,0.032,0.01
0.042,0.034,0.032,0.01
0.042,0.034,0.033,0.01
0.041,0.034,0.033,0.01
0.041,0.034,0.033,0.01
0.041,0.034,0.033,0.01
0.041,0.034,0.033,0.01
0.042,0.035,0.033,0.01
0.042,0.034,0.034,0.011
0.042,0.035,0.034,0.011
0.043,0.035,0.034,0.011
0.043,0.034,0.034,0.011
0.043,0.034,0.034,0.011
0.043,0.034,0.034,0.011
0.042,0.034,0.034,0.011
0.043,0.033,0.034,0.011
0.043,0.033,0.034,0.011
0.042,0.033,0.034,0.011
0.042,0.033,0.034,0.011
0.042,0.033,0.033,0.011
0.043,0.033,0.034,0.011
0.043,0.034,0.034,0.011
0.043,0.034,0.034,0.012
0.043,0.034,0.034,0.012
0.043,0.034,0.034,0.012
0.043,0.034,0.034,0.012
0.043,0.034,0.034,0.012
0.043,0.034,0.034,0.011
0.043,0.034,0.033,0.011
0.043,0.034,0.033,0.011
0.043,0.034,0.033,0.011
0.042,0.034,0.033,0.011
0.042,0.034,0.033,0.01
0.042,0.034,0.033,0.01
0.042,0.034,0.033,0.01
0.042,0.034,0.033,0.01
0.042,0.034,0.033,0.01
0.042,0.034,0.033,0.011
0.043,0.034,0.034,0.011
0.043,0.035,0.034,0.012
0.043,0.035,0.034,0.012
0.044,0.036,0.034,0.012
0.044,0.036,0.034,0.013
0.044,0.036,0.034,0.013
0.044,0.036,0.035,0.013
0.044,0.035,0.035,0.013
0.044,0.035,0.034,0.013
0.044,0.035,0.034,0.013
0.043,0.035,0.034,0.012
0.043,0.034,0.033,0.012
0.043,0.034,0.033,0.012
0.043,0.034,0.033,0.012
0.043,0.034,0.033,0.012
0.043,0.034,0.033,0.012
0.043,0.034,0.034,0.012
0.043,0.034,0.034,0.012
0.044,0.034,0.034,0.012
0.044,0.035,0.034,0.013
0.044,0.035,0.035,0.013
0.044,0.035,0.035,0.013
0.044,0.035,0.035,0.013
0.044,0.035,0.035,0.013
0.044,0.034,0.035,0.013
0.044,0.034,0.034,0.013
0.044,0.034,0.034,0.013
0.043,0.033,0.034,0.013
0.043,0.033,0.033,0.012
0.043,0.033,0.033,0.012
0.044,0.033,0.033,0.012
0.043,0.033,0.033,0.012
0.044,0.034,0.033,0.012
0.044,0.034,0.033,0.012
0.044,0.035,0.034,0.013
0.045,0.035,0.034,0.013
0.045,0.036,0.035,0.014
0.046,0.036,0.035,0.014
0.046,0.037,0.035,0.014
0.046,0.037,0.035,0.014
0.046,0.037,0.035,0.014
0.046,0.037,0.035,0.014
0.046,0.036,0.035,0.014
0.045,0.036,0.035,0.014
0.045,0.036,0.034,0.014
0.044,0.035,0.034,0.014
0.044,0.035,0.034,0.014
0.044,0.035,0.034,0.013
0.044,0.035,0.034,0.013
0.044,0.035,0.034,0.013
0.045,0.035,0.034,0.013
0.045,0.035,0.035,0.014
0.045,0.036,0.035,0.014
0.046,0.036,0.035,0.014
0.046,0.036,0.036,0.015
0.046,0.037,0.036,0.015
0.047,0.037,0.036,0.015
0.047,0.037,0.036,0.015
0.047,0.037,0.036,0.015
0.046,0.037,0.036,0.015
0.046,0.037,0.036,0.015
0.046,0.037,0.035,0.015
0.046,0.037,0.035,0.015
0.046,0.036,0.035,0.015
0.046,0.036,0.035,0.014
0.046,0.036,0.035,0.015
0.046,0.036,0.035,0.015
0.046,0.036,0.035,0.015
0.047,0.037,0.035,0.015
0.047,0.037,0.035,0.015
0.047,0.037,0.036,0.016
0.048,0.038,0.036,0.016
0.048,0.038,0.037,0.016
0.048,0.038,0.037,0.016
0.048,0.038,0.037,0.016
0.048,0.038,0.037,0.016
0.047,0.037,0.037,0.016
0.047,0.037,0.036,0.016
0.046,0.037,0.036,0.015
0.046,0.036,0.036,0.015
0.046,0.036,0.035,0.015
0.045,0.036,0.035,0.015
0.045,0.036,0.035,0.015
0.045,0.036,0.035,0.015
0.046,0.036,0.036,0.015
0.046,0.036,0.036,0.016
0.047,0.037,0.037,0.016
0.047,0.037,0.037,0.016
0.047,0.037,0.037,0.017
0.048,0.038,0.038,0.017
0.048,0.038,0.038,0.018
0.048,0.038,0.038,0.018
0.048,0.038,0.038,0.018
0.048,0.038,0.038,0.018
0.048,0.039,0.037,0.018
0.047,0.038,0.037,0.017
0.047,0.038,0.036,0.017
0.047,0.038,0.036,0.017
0.047,0.037,0.035,0.016
0.046,0.037,0.035,0.016
0.046,0.037,0.035,0.016
0.046,0.037,0.035,0.016
0.047,0.037,0.035,0.016
0.047,0.037,0.036,0.017
0.047,0.038,0.036,0.017
0.048,0.038,0.037,0.018
0.048,0.039,0.037,0.018
0.049,0.038,0.038,0.018
0.049,0.039,0.038,0.018
0.049,0.039,0.038,0.018
0.049,0.039,0.038,0.018
0.049,0.038,0.038,0.018
0.049,0.038,0.038,0.018
0.049,0.038,0.038,0.017
0.048,0.037,0.037,0.017
0.048,0.037,0.037,0.017
0.048,0.037,0.037,0.017
0.048,0.037,0.037,0.016
0.048,0.037,0.036,0.016
0.047,0.037,0.036,0.016
0.047,0.036,0.037,0.017
0.048,0.037,0.037,0.017
0.048,0.037,0.037,0.017
0.048,0.037,0.038,0.017
0.049,0.038,0.038,0.018
0.049,0.038,0.039,0.018
0.049,0.038,0.039,0.018
0.05,0.039,0.039,0.018
0.05,0.039,0.039,0.018
0.05,0.039,0.039,0.018
0.05,0.039,0.039,0.018
0.049,0.04,0.039,0.018
0.049,0.04,0.039,0.018
0.049,0.04,0.039,0.018
0.049,0.039,0.038,0.018
0.049,0.04,0.038,0.018
0.049,0.04,0.038,0.018
0.049,0.04,0.039,0.018
0.05,0.04,0.039,0.019
0.05,0.041,0.039,0.019
0.05,0.041,0.039,0.02
0.051,0.041,0.04,0.02
0.051,0.041,0.04,0.02
0.051,0.041,0.04,0.021
0.051,0.041,0.04,0.021
0.051,0.041,0.04,0.02
0.05,0.041,0.04,0.02
0.05,0.041,0.04,0.02
0.05,0.041,0.04,0.02
0.05,0.041,0.039,0.02
0.05,0.04,0.039,0.02
0.05,0.04,0.039,0.019
0.049,0.04,0.039,0.019
0.05,0.04,0.039,0.019
0.049,0.041,0.039,0.019
0.05,0.041,0.039,0.02
0.05,0.041,0.039,0.02
0.05,0.041,0.039,0.02
0.051,0.041,0.04,0.02
0.051,0.041,0.04,0.02
0.051,0.041,0.04,0.021
0.052,0.042,0.04,0.021
0.052,0.042,0.04,0.021
0.052,0.042,0.04,0.021
0.052,0.042,0.04,0.021
0.052,0.041,0.04,0.021
0.051,0.041,0.04,0.02
0.051,0.041,0.04,0.02
0.051,0.041,0.04,0.02
0.051,0.041,0.04,0.02
0.052,0.041,0.04,0.02
0.052,0.041,0.041,0.02
0.052,0.042,0.041,0.02
0.053,0.042,0.041,0.021
0.053,0.042,0.041,0.021
0.053,0.042,0.041,0.021
0.053,0.043,0.041,0.021
0.054,0.044,0.041,0.022
0.054,0.044,0.042,0.022
0.054,0.044,0.042,0.023
0.054,0.044,0.042,0.023
0.054,0.044,0.042,0.023
0.054,0.044,0.042,0.022
0.054,0.044,0.041,0.022
0.053,0.043,0.041,0.022
0.053,0.043,0.041,0.022
0.053,0.042,0.041,0.022
0.053,0.043,0.041,0.022
0.053,0.043,0.041,0.022
0.052,0.043,0.041,0.022
0.053,0.043,0.041,0.022
0.053,0.043,0.042,0.022
0.053,0.043,0.042,0.022
0.054,0.044,0.043,0.022
0.054,0.044,0.043,0.023
2.5,2.5,2.5,2.5
2.5,2.5,2.5,2.5
2.5,2.5,2.5,2.5
2.5,2.5,2.5,2.5
2.5,2.5,2.5,2.5
2.5,2.5,2.5,2.5
2.5,2.5,2.5,2.5
2.5,2.5,2.5,2.5
2.5,2.5,2.5,2.5
2.5,2.5,2.5,2.5
2.5,2.5,2.5,2.5
2.5,2.5,2.5,2.5
2.5,2.5,2.5,2.5
2.5,2.5,2.5,2.5
2.5,2.5,2.5,2.5
2.5,2.5,2.5,2.5
2.5,2.5,2.5,2.5
2.5,2.5,2.5,2.5
2.5,2.5,2.5,2.5
2.5,2.5,2.5,2.5
2.5,2.5,2.5,2.5
2.5,2.5,2.5,2.5
2.5,2.5,2.5,2.5
2.5,2.5,2.5,2.5
2.5,2.5,2.5,2.5
2.5,2.5,2.5,2.5
2.5,2.5,2.5,2.5
2.5,2.5,2.5,2.5
2.5,2.5,2.5,2.5
2.5,2.5,2.5,2.5
2.5,2.5,2.5,2.5
2.5,2.5,2.5,2.5
2.5,2.5,2.5,2.5
2.5,2.5,2.5,2.5
2.5,2.5,2.5,2.5
2.5,2.5,2.5,2.5
2.5,2.5,2.5,2.5
2.5,2.5,2.5,2.5
2.5,2.5,2.5,2.5
2.5,2.5,2.5,2.5
2.5,2.5,2.5,2.5
2.5,2.5,2.5,2.5
2.5,2.5,2.5,2.5
2.5,2.5,2.5,2.5
2.5,2.5,2.5,2.5
2.5,2.5,2.5,2.5
2.5,2.5,2.5,2.5
2.5,2.5,2.5,2.5
2.5,2.5,2.5,2.5
2.5,2.5,2.5,2.5
2.5,2.5,2.5,2.5
2.5,2.5,2.5,2.5
2.5,2.5,2.5,2.5
2.5,2.5,2.5,2.5
2.5,2.5,2.5,2.5
2.5,2.5,2.5,2.5
2.5,2.5,2.5,2.5
2.5,2.5,2.5,2.5
2.5,2.5,2.5,2.5
2.5,2.5,2.5,2.5
2.5,2.5,2.5,2.5
2.5,2.5,2.5,2.5
2.5,2.5,2.5,2.5
2.5,2.5,2.5,2.5
2.5,2.5,2.5,2.5
2.5,2.5,2.5,2.5
2.5,2.5,2.5,2.5
2.5,2.5,2.5,2.5
2.5,2.5,2.5,2.5
2.5,2.5,2.5,2.5
2.5,2.5,2.5,2.5
2.5,2.5,2.5,2.5
2.5,2.5,2.5,2.5
2.5,2.5,2.5,2.5
2.5,2.5,2.5,2.5
2.5,2.5,2.5,2.5
2.5,2.5,2.5,2.5
2.5,2.5,2.5,2.5
2.5,2.5,2.5,2.5
2.5,2.5,2.5,2.5
2.5,2.5,2.5,2.5
2.5,2.5,2.5,2.5
2.5,2.5,2.5,2.5
2.5,2.5,2.5,2.5
2.5,2.5,2.5,2.5
2.5,2.5,2.5,2.5
2.5,2.5,2.5,2.5
2.5,2.5,2.5,2.5
2.5,2.5,2.5,2.5
2.5,2.5,2.5,2.5
2.5,2.5,2.5,2.5
2.5,2.5,2.5,2.5
2.5,2.5,2.5,2.5
2.5,2.5,2.5,2.5
2.5,2.5,2.5,2.5
2.5,2.5,2.5,2.5
2.5,2.5,2.5,2.5
2.5,2.5,2.5,2.5
2.5,2.5,2.5,2.5
2.5,2.5,2.5,2.5
2.5,2.5,2.5,2.5
2.5,2.5,2.5,2.5
2.5,2.5,2.5,2.5
2.5,2.5,2.5,2.5
2.5,2.5,2.5,2.5
2.5,2.5,2.5,2.5
2.5,2.5,2.5,2.5
2.5,2.5,2.5,2.5
2.5,2.5,2.5,2.5
2.5,2.5,2.5,2.5
2.5,2.5,2.5,2.5
2.5,2.5,2.5,2.5
2.5,2.5,2.5,2.5
2.5,2.5,2.5,2.5
2.5,2.5,2.5,2.5
2.5,2.5,2.5,2.5
2.5,2.5,2.5,2.5
2.5,2.5,2.5,2.5
2.5,2.5,2.5,2.5
2.5,2.5,2.5,2.5
2.5,2.5,2.5,2.5
2.5,2.5,2.5,2.5
2.5,2.5,2.5,2.5
2.5,2.5,2.5,2.5
2.5,2.5,2.5,2.5
2.5,2.5,2.5,2.5
2.5,2.5,2.5,2.5
2.5,2.5,2.5,2.5
2.5,2.5,2.5,2.5
2.5,2.5,2.5,2.5
2.5,2.5,2.5,2.5
2.5,2.5,2.5,2.5
2.5,2.5,2.5,2.5
2.5,2.5,2.5,2.5
2.5,2.5,2.5,2.5
2.5,2.5,2.5,2.5
2.5,2.5,2.5,2.5
2.5,2.5,2.5,2.5
2.5,2.5,2.5,2.5
2.5,2.5,2.5,2.5
2.5,2.5,2.5,2.5
2.5,2.5,2.5,2.5
2.5,2.5,2.5,2.5
2.5,2.5,2.5,2.5
2.5,2.5,2.5,2.5
2.5,2.5,2.5,2.5
2.5,2.5,2.5,2.5
2.5,2.5,2.5,2.5
2.5,2.5,2.5,2.5
2.5,2.5,2.5,2.5
2.5,2.5,2.5,2.5
2.5,2.5,2.5,2.5
2.5,2.5,2.5,2.5
2.5,2.5,2.5,2.5
2.5,2.5,2.5,2.5
2.5,2.5,2.5,2.5
2.5,2.5,2.5,2.5
2.5,2.5,2.5,2.5
2.5,2.5,2.5,2.5
2.5,2.5,2.5,2.5
2.5,2.5,2.5,2.5
2.5,2.5,2.5,2.5
2.5,2.5,2.5,2.5
2.5,2.5,2.5,2.5
2.5,2.5,2.5,2.5
2.5,2.5,2.5,2.5
2.5,2.5,2.5,2.5
2.5,2.5,2.5,2.5
2.5,2.5,2.5,2.5
2.5,2.5,2.5,2.5
2.5,2.5,2.5,2.5
2.5,2.5,2.5,2.5
2.5,2.5,2.5,2.5
2.5,2.5,2.5,2.5
2.5,2.5,2.5,2.5
2.5,2.5,2.5,2.5
2.5,2.5,2.5,2.5
2.5,2.5,2.5,2.5
2.5,2.5,2.5,2.5
2.5,2.5,2.5,2.5
2.5,2.5,2.5,2.5
2.5,2.5,2.5,2.5
2.5,2.5,2.5,2.5
2.5,2.5,2.5,2.5
2.5,2.5,2.5,2.5
2.5,2.5,2.5,2.5
2.5,2.5,2.5,2.5
2.5,2.5,2.5,2.5
2.5,2.5,2.5,2.5
2.5,2.5,2.5,2.5
2.5,2.5,2.5,2.5
2.5,2.5,2.5,2.5
2.5,2.5,2.5,2.5
2.5,2.5,2.5,2.5
2.5,2.5,2.5,2.5
2.5,2.5,2.5,2.5
2.5,2.5,2.5,2.5
2.5,2.5,2.5,2.5
2.5,2.5,2.5,2.5
2.5,2.5,2.5,2.5
2.5,2.5,2.5,2.5
2.5,2.5,2.5,2.5
2.5,2.5,2.5,2.5
2.5,2.5,2.5,2.5
2.5,2.5,2.5,2.5
2.5,2.5,2.5,2.5
2.5,2.5,2.5,2.5
2.5,2.5,2.5,2.5
2.5,2.5,2.5,2.5
2.5,2.5,2.5,2.5
2.5,2.5,2.5,2.5
2.5,2.5,2.5,2.5
2.5,2.5,2.5,2.5
2.5,2.5,2.5,2.5
2.5,2.5,2.5,2.5
2.5,2.5,2.5,2.5
2.5,2.5,2.5,2.5
2.5,2.5,2.5,2.5
2.5,2.5,2.5,2.5
2.5,2.5,2.5,2.5
2.5,2.5,2.5,2.5
2.5,2.5,2.5,2.5
2.5,2.5,2.5,2.5
2.5,2.5,2.5,2.5
2.5,2.5,2.5,2.5
2.5,2.5,2.5,2.5
2.5,2.5,2.5,2.5
2.5,2.5,2.5,2.5
2.5,2.5,2.5,2.5
2.5,2.5,2.5,2.5
2.5,2.5,2.5,2.5
2.5,2.5,2.5,2.5
2.5,2.5,2.5,2.5
2.5,2.5,2.5,2.5
2.5,2.5,2.5,2.5
2.5,2.5,2.5,2.5
2.5,2.5,2.5,2.5
2.5,2.5,2.5,2.5
2.5,2.5,2.5,2.5
2.5,2.5,2.5,2.5
2.5,2.5,2.5,2.5
2.5,2.5,2.5,2.5
2.5,2.5,2.5,2.5
2.5,2.5,2.5,2.5
2.5,2.5,2.5,2.5
2.5,2.5,2.5,2.5
2.5,2.5,2.5,2.5
2.5,2.5,2.5,2.5
2.5,2.5,2.5,2.5
2.5,2.5,2.5,2.5
2.5,2.5,2.5,2.5
2.5,2.5,2.5,2.5
2.5,2.5,2.5,2.5
2.5,2.5,2.5,2.5
2.5,2.5,2.5,2.5
2.5,2.5,2.5,2.5
2.5,2.5,2.5,2.5
2.5,2.5,2.5,2.5
2.5,2.5,2.5,2.5
2.5,2.5,2.5,2.5
2.5,2.5,2.5,2.5
2.5,2.5,2.5,2.5
2.5,2.5,2.5,2.5
2.5,2.5,2.5,2.5
2.5,2.5,2.5,2.5
2.5,2.5,2.5,2.5
2.5,2.5,2.5,2.5
2.5,2.5,2.5,2.5
2.5,2.5,2.5,2.5
2.5,2.5,2.5,2.5
2.5,2.5,2.5,2.5
2.5,2.5,2.5,2.5
2.5,2.5,2.5,2.5
2.5,2.5,2.5,2.5
2.5,2.5,2.5,2.5
2.5,2.5,2.5,2.5
2.5,2.5,2.5,2.5
2.5,2.5,2.5,2.5
2.5,2.5,2.5,2.5
2.5,2.5,2.5,2.5
2.5,2.5,2.5,2.5
2.5,2.5,2.5,2.5
2.5,2.5,2.5,2.5
2.5,2.5,2.5,2.5
2.5,2.5,2.5,2.5
2.5,2.5,2.5,2.5
2.5,2.5,2.5,2.5
2.5,2.5,2.5,2.5
2.5,2.5,2.5,2.5
2.5,2.5,2.5,2.5
2.5,2.5,2.5,2.5
2.5,2.5,2.5,2.5
2.5,2.5,2.5,2.5
2.5,2.5,2.5,2.5
2.5,2.5,2.5,2.5
2.5,2.5,2.5,2.5
2.5,2.5,2.5,2.5
2.5,2.5,2.5,2.5
2.5,2.5,2.5,2.5
2.5,2.5,2.5,2.5
2.5,2.5,2.5,2.5
2.5,2.5,2.5,2.5
2.5,2.5,2.5,2.5
2.5,2.5,2.5,2.5
2.5,2.5,2.5,2.5
2.5,2.5,2.5,2.5
2.5,2.5,2.5,2.5
2.5,2.5,2.5,2.5
2.5,2.5,2.5,2.5
2.5,2.5,2.5,2.5
2.5,2.5,2.5,2.5
2.5,2.5,2.5,2.5
2.5,2.5,2.5,2.5
2.5,2.5,2.5,2.5
2.5,2.5,2.5,2.5
2.5,2.5,2.5,2.5
2.5,2.5,2.5,2.5
2.5,2.5,2.5,2.5
2.5,2.5,2.5,2.5
2.5,2.5,2.5,2.5
2.5,2.5,2.5,2.5
2.5,2.5,2.5,2.5
2.5,2.5,2.5,2.5
2.5,2.5,2.5,2.5
2.5,2.5,2.5,2.5
2.5,2.5,2.5,2.5
2.5,2.5,2.5,2.5
2.5,2.5,2.5,2.5
2.5,2.5,2.5,2.5
2.5,2.5,2.5,2.5
2.5,2.5,2.5,2.5
2.5,2.5,2.5,2.5
2.5,2.5,2.5,2.5
2.5,2.5,2.5,2.5
2.5,2.5,2.5,2.5
2.5,2.5,2.5,2.5
2.5,2.5,2.5,2.5
2.5,2.5,2.5,2.5
2.5,2.5,2.5,2.5
2.5,2.5,2.5,2.5
2.5,2.5,2.5,2.5
2.5,2.5,2.5,2.5
2.5,2.5,2.5,2.5
2.5,2.5,2.5,2.5
2.5,2.5,2.5,2.5
2.5,2.5,2.5,2.5
2.5,2.5,2.5,2.5
2.5,2.5,2.5,2.5
2.5,2.5,2.5,2.5
2.5,2.5,2.5,2.5
2.5,2.5,2.5,2.5
2.5,2.5,2.5,2.5
2.5,2.5,2.5,2.5
2.5,2.5,2.5,2.5
2.5,2.5,2.5,2.5
2.5,2.5,2.5,2.5
2.5,2.5,2.5,2.5
2.5,2.5,2.5,2.5
2.5,2.5,2.5,2.5
2.5,2.5,2.5,2.5
2.5,2.5,2.5,2.5
2.5,2.5,2.5,2.5
2.5,2.5,2.5,2.5
2.5,2.5,2.5,2.5
2.5,2.5,2.5,2.5
2.5,2.5,2.5,2.5
2.5,2.5,2.5,2.5
2.5,2.5,2.5,2.5
2.5,2.5,2.5,2.5
2.5,2.5,2.5,2.5
2.5,2.5,2.5,2.5
2.5,2.5,2.5,2.5
2.5,2.5,2.5,2.5
2.5,2.5,2.5,2.5
2.5,2.5,2.5,2.5
2.5,2.5,2.5,2.5
2.5,2.5,2.5,2.5
2.5,2.5,2.5,2.5
2.5,2.5,2.5,2.5
2.5,2.5,2.5,2.5
2.5,2.5,2.5,2.5
2.5,2.5,2.5,2.5
2.5,2.5,2.5,2.5
2.5,2.5,2.5,2.5
2.5,2.5,2.5,2.5
2.5,2.5,2.5,2.5
2.5,2.5,2.5,2.5
2.5,2.5,2.5,2.5
2.5,2.5,2.5,2.5
2.5,2.5,2.5,2.5
2.5,2.5,2.5,2.5
2.5,2.5,2.5,2.5
2.5,2.5,2.5,2.5
2.5,2.5,2.5,2.5
2.5,2.5,2.5,2.5
2.5,2.5,2.5,2.5
2.5,2.5,2.5,2.5
2.5,2.5,2.5,2.5
2.5,2.5,2.5,2.5
2.5,2.5,2.5,2.5
2.5,2.5,2.5,2.5
2.5,2.5,2.5,2.5
2.5,2.5,2.5,2.5
2.5,2.5,2.5,2.5
2.5,2.5,2.5,2.5
2.5,2.5,2.5,2.5
2.5,2.5,2.5,2.5
2.5,2.5,2.5,2.5
2.5,2.5,2.5,2.5
2.5,2.5,2.5,2.5
2.5,2.5,2.5,2.5
2.5,2.5,2.5,2.5
2.5,2.5,2.5,2.5
2.5,2.5,2.5,2.5
2.5,2.5,2.5,2.5
2.5,2.5,2.5,2.5
2.5,2.5,2.5,2.5
2.5,2.5,2.5,2.5
2.5,2.5,2.5,2.5
2.5,2.5,2.5,2.5
2.5,2.5,2.5,2.5
2.5,2.5,2.5,2.5
2.5,2.5,2.5,2.5
2.5,2.5,2.5,2.5
2.5,2.5,2.5,2.5
2.5,2.5,2.5,2.5
2.5,2.5,2.5,2.5
2.5,2.5,2.5,2.5
2.5,2.5,2.5,2.5
2.5,2.5,2.5,2.5
2.5,2.5,2.5,2.5
2.5,2.5,2.5,2.5
2.5,2.5,2.5,2.5
2.5,2.5,2.5,2.5
2.5,2.5,2.5,2.5
2.5,2.5,2.5,2.5
2.5,2.5,2.5,2.5
2.5,2.5,2.5,2.5
2.5,2.5,2.5,2.5
2.5,2.5,2.5,2.5
2.5,2.5,2.5,2.5
2.5,2.5,2.5,2.5
2.5,2.5,2.5,2.5
2.5,2.5,2.5,2.5
2.5,2.5,2.5,2.5
2.5,2.5,2.5,2.5
2.5,2.5,2.5,2.5
2.5,2.5,2.5,2.5
2.5,2.5,2.5,2.5
2.5,2.5,2.5,2.5
2.5,2.5,2.5,2.5
2.5,2.5,2.5,2.5
2.5,2.5,2.5,2.5
2.5,2.5,2.5,2.5
2.5,2.5,2.5,2.5
2.5,2.5,2.5,2.5
2.5,2.5,2.5,2.5
2.5,2.5,2.5,2.5
2.5,2.5,2.5,2.5
2.5,2.5,2.5,2.5
2.5,2.5,2.5,2.5
2.5,2.5,2.5,2.5
2.5,2.5,2.5,2.5
2.5,2.5,2.5,2.5
2.5,2.5,2.5,2.5
2.5,2.5,2.5,2.5
2.5,2.5,2.5,2.5
2.5,2.5,2.5,2.5
2.5,2.5,2.5,2.5
2.5,2.5,2.5,2.5
2.5,2.5,2.5,2.5
2.5,2.5,2.5,2.5
2.5,2.5,2.5,2.5
2.5,2.5,2.5,2.5
2.5,2.5,2.5,2.5
2.5,2.5,2.5,2.5
2.5,2.5,2.5,2.5
2.5,2.5,2.5,2.5
2.5,2.5,2.5,2.5
2.5,2.5,2.5,2.5
2.5,2.5,2.5,2.5
2.5,2.5,2.5,2.5
2.5,2.5,2.5,2.5
2.5,2.5,2.5,2.5
2.5,2.5,2.5,2.5
2.5,2.5,2.5,2.5
2.5,2.5,2.5,2.5
2.5,2.5,2.5,2.5
2.5,2.5,2.5,2.5
2.5,2.5,2.5,2.5
2.5,2.5,2.5,2.5
2.5,2.5,2.5,2.5
2.5,2.5,2.5,2.5
2.5,2.5,2.5,2.5
2.5,2.5,2.5,2.5
2.5,2.5,2.5,2.5
2.5,2.5,2.5,2.5
2.5,2.5,2.5,2.5
2.5,2.5,2.5,2.5
2.5,2.5,2.5,2.5
2.5,2.5,2.5,2.5
2.5,2.5,2.5,2.5
2.5,2.5,2.5,2.5
2.5,2.5,2.5,2.5
2.5,2.5,2.5,2.5
2.5,2.5,2.5,2.5
2.5,2.5,2.5,2.5
2.5,2.5,2.5,2.5
2.5,2.5,2.5,2.5
2.5,2.5,2.5,2.5
2.5,2.5,2.5,2.5
2.5,2.5,2.5,2.5
2.5,2.5,2.5,2.5
2.5,2.5,2.5,2.5
2.5,2.5,2.5,2.5
2.5,2.5,2.5,2.5
2.5,2.5,2.5,2.5
2.5,2.5,2.5,2.5
2.5,2.5,2.5,2.5
2.5,2.5,2.5,2.5
2.5,2.5,2.5,2.5
2.5,2.5,2.5,2.5
2.5,2.5,2.5,2.5
2.5,2.5,2.5,2.5
2.5,2.5,2.5,2.5
2.5,2.5,2.5,2.5
2.5,2.5,2.5,2.5
2.5,2.5,2.5,2.5
2.5,2.5,2.5,2.5
2.5,2.5,2.5,2.5
2.5,2.5,2.5,2.5
2.5,2.5,2.5,2.5
2.5,2.5,2.5,2.5
2.5,2.5,2.5,2.5
2.5,2.5,2.5,2.5
2.5,2.5,2.5,2.5
2.5,2.5,2.5,2.5
2.5,2.5,2.5,2.5
2.5,2.5,2.5,2.5
2.5,2.5,2.5,2.5
2.5,2.5,2.5,2.5
2.5,2.5,2.5,2.5
2.5,2.5,2.5,2.5
2.5,2.5,2.5,2.5
2.5,2.5,2.5,2.5
2.5,2.5,2.5,2.5
2.5,2.5,2.5,2.5
2.5,2.5,2.5,2.5
2.5,2.5,2.5,2.5
2.5,2.5,2.5,2.5
2.5,2.5,2.5,2.5
2.5,2.5,2.5,2.5
2.5,2.5,2.5,2.5
2.5,2.5,2.5,2.5
2.5,2.5,2.5,2.5
2.5,2.5,2.5,2.5
2.5,2.5,2.5,2.5
2.5,2.5,2.5,2.5
2.5,2.5,2.5,2.5
2.5,2.5,2.5,2.5
2.5,2.5,2.5,2.5
2.5,2.5,2.5,2.5
2.5,2.5,2.5,2.5
2.5,2.5,2.5,2.5
2.5,2.5,2.5,2.5
2.5,2.5,2.5,2.5
2.5,2.5,2.5,2.5
2.5,2.5,2.5,2.5
2.5,2.5,2.5,2.5
2.5,2.5,2.5,2.5
2.5,2.5,2.5,2.5
2.5,2.5,2.5,2.5
2.5,2.5,2.5,2.5
2.5,2.5,2.5,2.5
2.5,2.5,2.5,2.5
2.5,2.5,2.5,2.5
2.5,2.5,2.5,2.5
2.5,2.5,2.5,2.5
2.5,2.5,2.5,2.5
2.5,2.5,2.5,2.5
2.5,2.5,2.5,2.5
2.5,2.5,2.5,2.5
2.5,2.5,2.5,2.5
2.5,2.5,2.5,2.5
2.5,2.5,2.5,2.5
2.5,2.5,2.5,2.5
2.5,2.5,2.5,2.5
2.5,2.5,2.5,2.5
2.5,2.5,2.5,2.5
2.5,2.5,2.5,2.5
2.5,2.5,2.5,2.5
2.5,2.5,2.5,2.5
2.5,2.5,2.5,2.5
2.5,2.5,2.5,2.5
2.5,2.5,2.5,2.5
2.5,2.5,2.5,2.5
2.5,2.5,2.5,2.5
2.5,2.5,2.5,2.5
2.5,2.5,2.5,2.5
2.5,2.5,2.5,2.5
2.5,2.5,2.5,2.5
2.5,2.5,2.5,2.5
2.5,2.5,2.5,2.5
2.5,2.5,2.5,2.5
2.5,2.5,2.5,2.5
2.5,2.5,2.5,2.5
2.5,2.5,2.5,2.5
2.5,2.5,2.5,2.5
2.5,2.5,2.5,2.5
2.5,2.5,2.5,2.5
2.5,2.5,2.5,2.5
2.5,2.5,2.5,2.5
2.5,2.5,2.5,2.5
2.5,2.5,2.5,2.5
2.5,2.5,2.5,2.5
2.5,2.5,2.5,2.5
2.5,2.5,2.5,2.5
2.5,2.5,2.5,2.5
2.5,2.5,2.5,2.5
2.5,2.5,2.5,2.5
2.5,2.5,2.5,2.5
2.5,2.5,2.5,2.5
2.5,2.5,2.5,2.5
2.5,2.5,2.5,2.5
2.5,2.5,2.5,2.5
2.5,2.5,2.5,2.5
2.5,2.5,2.5,2.5
2.5,2.5,2.5,2.5
2.5,2.5,2.5,2.5
2.5,2.5,2.5,2.5
2.5,2.5,2.5,2.5
2.5,2.5,2.5,2.5
2.5,2.5,2.5,2.5
2.5,2.5,2.5,2.5
2.5,2.5,2.5,2.5
2.5,2.5,2.5,2.5
2.5,2.5,2.5,2.5
2.5,2.5,2.5,2.5
2.5,2.5,2.5,2.5
2.5,2.5,2.5,2.5
2.5,2.5,2.5,2.5
2.5,2.5,2.5,2.5
2.5,2.5,2.5,2.5
2.5,2.5,2.5,2.5
2.5,2.5,2.5,2.5
2.5,2.5,2.5,2.5
2.5,2.5,2.5,2.5
2.5,2.5,2.5,2.5
2.5,2.5,2.5,2.5
2.5,2.5,2.5,2.5
2.5,2.5,2.5,2.5
2.5,2.5,2.5,2.5
2.5,2.5,2.5,2.5
2.5,2.5,2.5,2.5
2.5,2.5,2.5,2.5
2.5,2.5,2.5,2.5
2.5,2.5,2.5,2.5
2.5,2.5,2.5,2.5
2.5,2.5,2.5,2.5
2.5,2.5,2.5,2.5
2.5,2.5,2.5,2.5
2.5,2.5,2.5,2.5
2.5,2.5,2.5,2.5
2.5,2.5,2.5,2.5
2.5,2.5,2.5,2.5
2.5,2.5,2.5,2.5
2.5,2.5,2.5,2.5
2.5,2.5,2.5,2.5
2.5,2.5,2.5,2.5
2.5,2.5,2.5,2.5
2.5,2.5,2.5,2.5
2.5,2.5,2.5,2.5
2.5,2.5,2.5,2.5
2.5,2.5,2.5,2.5
2.5,2.5,2.5,2.5
2.5,2.5,2.5,2.5
2.5,2.5,2.5,2.5
2.5,2.5,2.5,2.5
2.5,2.5,2.5,2.5
2.5,2.5,2.5,2.5
2.5,2.5,2.5,2.5
2.5,2.5,2.5,2.5
2.5,2.5,2.5,2.5
2.5,2.5,2.5,2.5
2.5,2.5,2.5,2.5
2.5,2.5,2.5,2.5
2.5,2.5,2.5,2.5
2.5,2.5,2.5,2.5
2.5,2.5,2.5,2.5
2.5,2.5,2.5,2.5
2.5,2.5,2.5,2.5
2.5,2.5,2.5,2.5
2.5,2.5,2.5,2.5
2.5,2.5,2.5,2.5
2.5,2.5,2.5,2.5
2.5,2.5,2.5,2.5
2.5,2.5,2.5,2.5
2.5,2.5,2.5,2.5
2.5,2.5,2.5,2.5
2.5,2.5,2.5,2.5
2.5,2.5,2.5,2.5
2.5,2.5,2.5,2.5
2.5,2.5,2.5,2.5
2.5,2.5,2.5,2.5
2.5,2.5,2.5,2.5
2.5,2.5,2.5,2.5
2.5,2.5,2.5,2.5
2.5,2.5,2.5,2.5
2.5,2.5,2.5,2.5
2.5,2.5,2.5,2.5
2.5,2.5,2.5,2.5
2.5,2.5,2.5,2.5
2.5,2.5,2.5,2.5
2.5,2.5,2.5,2.5
2.5,2.5,2.5,2.5
2.5,2.5,2.5,2.5
2.5,2.5,2.5,2.5
2.5,2.5,2.5,2.5
2.5,2.5,2.5,2.5
2.5,2.5,2.5,2.5
2.5,2.5,2.5,2.5
2.5,2.5,2.5,2.5
2.5,2.5,2.5,2.5
2.5,2.5,2.5,2.5
2.5,2.5,2.5,2.5
2.5,2.5,2.5,2.5
2.5,2.5,2.5,2.5
2.5,2.5,2.5,2.5
2.5,2.5,2.5,2.5
2.5,2.5,2.5,2.5
2.5,2.5,2.5,2.5
2.5,2.5,2.5,2.5
2.5,2.5,2.5,2.5
2.5,2.5,2.5,2.5
2.5,2.5,2.5,2.5
2.5,2.5,2.5,2.5
2.5,2.5,2.5,2.5
2.5,2.5,2.5,2.5
2.5,2.5,2.5,2.5
2.5,2.5,2.5,2.5
2.5,2.5,2.5,2.5
2.5,2.5,2.5,2.5
2.5,2.5,2.5,2.5
2.5,2.5,2.5,2.5
2.5,2.5,2.5,2.5
2.5,2.5,2.5,2.5
2.5,2.5,2.5,2.5
2.5,2.5,2.5,2.5
2.5,2.5,2.5,2.5
2.5,2.5,2.5,2.5
2.5,2.5,2.5,2.5
2.5,2.5,2.5,2.5
2.5,2.5,2.5,2.5
2.5,2.5,2.5,2.5
2.5,2.5,2.5,2.5
2.5,2.5,2.5,2.5
2.5,2.5,2.5,2.5
2.5,2.5,2.5,2.5
2.5,2.5,2.5,2.5
2.5,2.5,2.5,2.5
2.5,2.5,2.5,2.5
2.5,2.5,2.5,2.5
2.5,2.5,2.5,2.5
2.5,2.5,2.5,2.5
2.5,2.5,2.5,2.5
2.5,2.5,2.5,2.5
2.5,2.5,2.5,2.5
2.5,2.5,2.5,2.5
2.5,2.5,2.5,2.5
2.5,2.5,2.5,2.5
2.5,2.5,2.5,2.5
2.5,2.5,2.5,2.5
2.5,2.5,2.5,2.5
2.5,2.5,2.5,2.5
2.5,2.5,2.5,2.5
2.5,2.5,2.5,2.5
2.5,2.5,2.5,2.5
2.5,2.5,2.5,2.5
2.5,2.5,2.5,2.5
2.5,2.5,2.5,2.5
2.5,2.5,2.5,2.5
2.5,2.5,2.5,2.5
2.5,2.5,2.5,2.5
2.5,2.5,2.5,2.5
2.5,2.5,2.5,2.5
2.5,2.5,2.5,2.5
2.5,2.5,2.5,2.5
2.5,2.5,2.5,2.5
2.5,2.5,2.5,2.5
2.5,2.5,2.5,2.5
2.5,2.5,2.5,2.5
2.5,2.5,2.5,2.5
2.5,2.5,2.5,2.5
2.5,2.5,2.5,2.5
2.5,2.5,2.5,2.5
2.5,2.5,2.5,2.5
2.5,2.5,2.5,2.5
2.5,2.5,2.5,2.5
2.5,2.5,2.5,2.5
2.5,2.5,2.5,2.5
2.5,2.5,2.5,2.5
2.5,2.5,2.5,2.5
2.5,2.5,2.5,2.5
2.5,2.5,2.5,2.5
2.5,2.5,2.5,2.5
2.5,2.5,2.5,2.5
2.5,2.5,2.5,2.5
2.5,2.5,2.5,2.5
2.5,2.5,2.5,2.5
2.5,2.5,2.5,2.5
2.5,2.5,2.5,2.5
2.5,2.5,2.5,2.5
2.5,2.5,2.5,2.5
2.5,2.5,2.5,2.5
2.5,2.5,2.5,2.5
2.5,2.5,2.5,2.5
2.5,2.5,2.5,2.5
2.5,2.5,2.5,2.5
2.5,2.5,2.5,2.5
2.5,2.5,2.5,2.5
2.5,2.5,2.5,2.5
2.5,2.5,2.5,2.5
2.5,2.5,2.5,2.5
2.5,2.5,2.5,2.5
2.5,2.5,2.5,2.5
2.5,2.5,2.5,2.5
2.5,2.5,2.5,2.5
2.5,2.5,2.5,2.5
2.5,2.5,2.5,2.5
2.5,2.5,2.5,2.5
2.5,2.5,2.5,2.5
2.5,2.5,2.5,2.5
2.5,2.5,2.5,2.5
2.5,2.5,2.5,2.5
2.5,2.5,2.5,2.5
2.5,2.5,2.5,2.5
2.5,2.5,2.5,2.5
2.5,2.5,2.5,2.5
2.5,2.5,2.5,2.5
2.5,2.5,2.5,2.5
2.5,2.5,2.5,2.5
2.5,2.5,2.5,2.5
2.5,2.5,2.5,2.5
2.5,2.5,2.5,2.5
2.5,2.5,2.5,2.5
2.5,2.5,2.5,2.5
2.5,2.5,2.5,2.5
2.5,2.5,2.5,2.5
2.5,2.5,2.5,2.5
2.5,2.5,2.5,2.5
2.5,2.5,2.5,2.5
2.5,2.5,2.5,2.5
2.5,2.5,2.5,2.5
2.5,2.5,2.5,2.5
2.5,2.5,2.5,2.5
2.5,2.5,2.5,2.5
2.5,2.5,2.5,2.5
2.5,2.5,2.5,2.5
2.5,2.5,2.5,2.5
2.5,2.5,2.5,2.5
2.5,2.5,2.5,2.5
2.5,2.5,2.5,2.5
2.5,2.5,2.5,2.5
2.5,2.5,2.5,2.5
2.5,2.5,2.5,2.5
2.5,2.5,2.5,2.5
2.5,2.5,2.5,2.5
2.5,2.5,2.5,2.5
2.5,2.5,2.5,2.5
2.5,2.5,2.5,2.5
2.5,2.5,2.5,2.5
2.5,2.5,2.5,2.5
2.5,2.5,2.5,2.5
2.5,2.5,2.5,2.5
2.5,2.5,2.5,2.5
2.5,2.5,2.5,2.5
2.5,2.5,2.5,2.5
2.5,2.5,2.5,2.5
2.5,2.5,2.5,2.5
2.5,2.5,2.5,2.5
2.5,2.5,2.5,2.5
2.5,2.5,2.5,2.5
2.5,2.5,2.5,2.5
2.5,2.5,2.5,2.5
2.5,2.5,2.5,2.5
2.5,2.5,2.5,2.5
2.5,2.5,2.5,2.5
2.5,2.5,2.5,2.5
2.5,2.5,2.5,2.5
2.5,2.5,2.5,2.5
2.5,2.5,2.5,2.5
2.5,2.5,2.5,2.5
2.5,2.5,2.5,2.5
2.5,2.5,2.5,2.5
2.5,2.5,2.5,2.5
2.5,2.5,2.5,2.5
2.5,2.5,2.5,2.5
2.5,2.5,2.5,2.5
2.5,2.5,2.5,2.5
2.5,2.5,2.5,2.5
2.5,2.5,2.5,2.5
2.5,2.5,2.5,2.5
2.5,2.5,2.5,2.5
2.5,2.5,2.5,2.5
2.5,2.5,2.5,2.5
2.5,2.5,2.5,2.5
2.5,2.5,2.5,2.5
2.5,2.5,2.5,2.5
2.5,2.5,2.5,2.5
2.5,2.5,2.5,2.5
2.5,2.5,2.5,2.5
2.5,2.5,2.5,2.5
2.5,2.5,2.5,2.5
2.5,2.5,2.5,2.5
2.5,2.5,2.5,2.5
2.5,2.5,2.5,2.5
2.5,2.5,2.5,2.5
2.5,2.5,2.5,2.5
2.5,2.5,2.5,2.5
2.5,2.5,2.5,2.5
2.5,2.5,2.5,2.5
2.5,2.5,2.5,2.5
2.5,2.5,2.5,2.5
2.5,2.5,2.5,2.5
2.5,2.5,2.5,2.5
2.5,2.5,2.5,2.5
2.5,2.5,2.5,2.5
2.5,2.5,2.5,2.5
2.5,2.5,2.5,2.5
2.5,2.5,2.5,2.5
2.5,2.5,2.5,2.5
2.5,2.5,2.5,2.5
2.5,2.5,2.5,2.5
2.5,2.5,2.5,2.5
2.5,2.5,2.5,2.5
2.5,2.5,2.5,2.5
2.5,2.5,2.5,2.5
2.5,2.5,2.5,2.5
2.5,2.5,2.5,2.5
2.5,2.5,2.5,2.5
2.5,2.5,2.5,2.5
2.5,2.5,2.5,2.5
2.5,2.5,2.5,2.5
2.5,2.5,2.5,2.5
2.5,2.5,2.5,2.5
2.5,2.5,2.5,2.5
2.5,2.5,2.5,2.5
2.5,2.5,2.5,2.5
2.5,2.5,2.5,2.5
2.5,2.5,2.5,2.5
2.5,2.5,2.5,2.5
2.5,2.5,2.5,2.5
2.5,2.5,2.5,2.5
2.5,2.5,2.5,2.5
2.5,2.5,2.5,2.5
2.5,2.5,2.5,2.5
2.5,2.5,2.5,2.5
2.5,2.5,2.5,2.5
2.5,2.5,2.5,2.5
2.5,2.5,2.5,2.5
2.5,2.5,2.5,2.5
2.5,2.5,2.5,2.5
2.5,2.5,2.5,2.5
2.5,2.5,2.5,2.5
2.5,2.5,2.5,2.5
2.5,2.5,2.5,2.5
2.5,2.5,2.5,2.5
2.5,2.5,2.5,2.5
2.5,2.5,2.5,2.5
2.5,2.5,2.5,2.5
2.5,2.5,2.5,2.5
2.5,2.5,2.5,2.5
2.5,2.5,2.5,2.5
2.5,2.5,2.5,2.5
2.5,2.5,2.5,2.5
2.5,2.5,2.5,2.5
2.5,2.5,2.5,2.5
2.5,2.5,2.5,2.5
2.5,2.5,2.5,2.5
2.5,2.5,2.5,2.5
2.5,2.5,2.5,2.5
2.5,2.5,2.5,2.5
2.5,2.5,2.5,2.5
2.5,2.5,2.5,2.5
2.5,2.5,2.5,2.5
2.5,2.5,2.5,2.5
2.5,2.5,2.5,2.5
2.5,2.5,2.5,2.5
2.5,2.5,2.5,2.5
2.5,2.5,2.5,2.5
2.5,2.5,2.5,2.5
2.5,2.5,2.5,2.5
2.5,2.5,2.5,2.5
2.5,2.5,2.5,2.5
2.5,2.5,2.5,2.5
2.5,2.5,2.5,2.5
2.5,2.5,2.5,2.5
2.5,2.5,2.5,2.5
2.5,2.5,2.5,2.5
2.5,2.5,2.5,2.5
2.5,2.5,2.5,2.5
2.5,2.5,2.5,2.5
2.5,2.5,2.5,2.5
2.5,2.5,2.5,2.5
2.5,2.5,2.5,2.5
2.5,2.5,2.5,2.5
2.5,2.5,2.5,2.5
2.5,2.5,2.5,2.5
2.5,2.5,2.5,2.5
2.5,2.5,2.5,2.5
2.5,2.5,2.5,2.5
2.5,2.5,2.5,2.5
2.5,2.5,2.5,2.5
2.5,2.5,2.5,2.5
2.5,2.5,2.5,2.5
2.5,2.5,2.5,2.5
2.5,2.5,2.5,2.5
2.5,2.5,2.5,2.5
2.5,2.5,2.5,2.5
2.5,2.5,2.5,2.5
2.5,2.5,2.5,2.5
2.5,2.5,2.5,2.5
2.5,2.5,2.5,2.5
2.5,2.5,2.5,2.5
2.5,2.5,2.5,2.5
2.5,2.5,2.5,2.5
2.5,2.5,2.5,2.5
2.5,2.5,2.5,2.5